"","BrH.F.21","BrH.M.106","KSR.F.43","KSR.M.121","MocT.F.57","MocT.M.129"
"67284fdf21b208eead2164e7c58c2f2a",0,0,0.000541096261024836,0,0,0
"7e6e195d6220a041e4af398176ffc53c",0,0,0.000541096261024836,0,0,0
"26c89a3fe7f6027fa411d5a0181bb7e4",0,0,0,0,0.000716743119266055,0
"20e7a5540589c15a09e0520e02f51d29",0,0,0,0,3.58371559633028e-05,0
"89d1a31a3a1b00d17d7ef8f4bd28049c",0,0,0.000270548130512418,0,0,0
"a96fbe031483eebe0df16397c8f76e28",0,0,0.000378767382717385,0,0.000931766055045872,0
"1d509b9f020605cb72be246b8bbfec91",0,0,0.00108219252204967,0,0.00118262614678899,0
"f76725f89dafaad8e91f8274c982a227",0,0,0.000757534765434771,0,0.000609231651376147,0
"99b0e461d50701390198f450defcb9c6",0,0,0,0,0.00154099770642202,0
"ff6dae796b9fdf74898e4cd9eebd4c45",0,0,0.000162328878307451,0,0.000107511467889908,0
"c1c92142770cef3d1cafa34879efaf9a",0,0,0,0,0.000573394495412844,0
"71f6517c4f1af19400404ed4d8ea34f0",0,0,0.000378767382717385,0,0,0
"c880bc297f945a78437a96ec84a5351e",0,0,0.000324657756614902,0,0.00146932339449541,0
"e3b1650d4a48d66a85e3b5ab33b20c18",0,0,0,0,7.16743119266055e-05,0
"452664279f49b3a5947609afd204bde3",0,0,0.000108219252204967,0,0,0
"0d7b80c94f61d9db00fea8fb8fac94da",0,0,0.00102808289594719,0,0,0
"2e69b41f571161690a58009b13466a0a",0,0,0.000378767382717385,0,0,0
"fcae0a1f6264242221d311b0454937c1",0,0,0,0,0,0.00801725541266482
"9d1a49ad3b75d1a9be94612928729830",0,0,0.000216438504409935,0,0,0
"0de6916e0eed3ccad1dc2a311ba489d7",0,0,0.000108219252204967,0,0.000179185779816514,0
"b9d0ec91c66809d417d0719a63dd6bf6",0,0,0,0,0.000143348623853211,0
"6a5ed6b18fa570c6490e15457c008024",0,0,0,0,0.000179185779816514,0
"52ec97b3f172a4212493adf8787a20ec",0,0,0.000432877008819869,0,0.000286697247706422,0
"145e03f04abef0a25bf0632626f00316",0,0,0.000216438504409935,0,0,0
"5753041e5e2e73a51a8da6d4df6dca5e",0,0,5.41096261024836e-05,0,7.16743119266055e-05,0
"97c3f37b6f379f1633572726bb5d250c",0,0,0.00151506953086954,0,0,0
"d9d913c95482a7040ec23a283fd52c35",0,0,0,0,0.000430045871559633,0
"40fc36a8531d362793a6696e9b1d2795",0,0,0.00275959093122667,0,0.000250860091743119,0
"e27292022b941b6231cc71cc737599ed",0,0,0,0,0.000358371559633028,0
"0260c5c41479cbfac4edbc01ff113722",0,0,0,0,0.000286697247706422,0
"7f6d25bd252d1b6baa327ac0f92a1bf1",0,0,0,0,0.000430045871559633,0
"0919684f8e2713e742620494b3f288a4",0,0,0.000216438504409935,0,0,0
"5563a6bcdac1ba1fac30775bc46c5ca0",0,0,0,0,7.16743119266055e-05,0
"518694d602c11524cec2bb350f3835ba",0,0,0.0128239813862886,0,0,0
"5eccecd2e05eefeca407ecac6a541b31",0,0,0.000703425139332287,0,0,0
"39873e0e9d3165ebde914998e33c5ad2",0,0,0,0,0,0.000488360735796842
"b6eebb823068116d1e2992e9ca11629d",0.00127186009538951,0,0,0,0.00415711009174312,0
"95cf38cae7ccc04e805b96a674bd0442",0,0,0.000757534765434771,0,0,0
"523737ca4fcb4098d7da1b255cea612e",0,0,0.00757534765434771,0,0.00318950688073394,0
"f81e789bab471039d4ecb1d203aa0cc0",0,0.0367293835068054,0,0,0,0.23913397362852
"450a348d479601013dcac0bf8b6640f9",0,0,0.000108219252204967,0,0,0
"bf737a8f64306e3ec0cdaff3896e3eff",0,0,0,0,0.000143348623853211,0
"eec05c59bf5e4559e8c70ad1c1192eb6",0,0,0,0,0.000967603211009174,0
"dfcc308919254fedbae4668b39ecb264",0,0,0,0,3.58371559633028e-05,0
"cd2a0f554ca0dde8048c775233bcb2a7",0,0,0,0,0.000501720183486239,0
"6598526e8266db2d650d2d29249fd527",0,0,0,0,0,0.000406967279830702
"6ae4b962ff31c7df38d451d0da1c8fa6",0,0,0,0,0.000645068807339449,0
"690fdc507268eb6fc01bd708cbf9994d",0,0,0.000486986634922353,0,0,0
"efceb96a79dad926bfca63f68d5387b4",0,0,0,0,0.000179185779816514,0
"f6a5c5131a019c0b021c48b6cfb8ee02",0,0,0,0,3.58371559633028e-05,0
"9eec04e5db44882091b2e3bde877eeb0",0,0,0.00162328878307451,0,0,0
"2f28c6156e9eb49b0392a510593ce847",0,0,0.000432877008819869,0,7.16743119266055e-05,0
"3e03b74a27f44999ce177966652a7fe3",0,0,0,0,0,0.000447664007813772
"834b0a301e579cb1baba81a36ed5c5a5",0,0,0,0,0.000107511467889908,0
"81ac9057f98704c6a25f5e2e3265fed6",0,0,0.000324657756614902,0,0,0
"88f11736c24b4627372278b986dec093",0,0,0,0,0.00207855504587156,0
"a91ae1b4cf024d3a04d9a1ad3f77a3b7",0,0,0,0,0.000107511467889908,0
"4b4a948a14dd79fb524895711b0c5a70",0,0,0,0,0.000322534403669725,0
"48eea5c1ccc11117b1b1125b0767448d",0,0,0,0,7.16743119266055e-05,0
"26794b3d2039ecb6ac8e094659b0d164",0,0,0.000649315513229804,0,0,0
"489b66162fa35dc726e13876644806eb",0,0,0,0,0.000179185779816514,0
"582f8b6d2c279295fd2f2ae97f1879a3",0,0,0,0,0.000215022935779817,0
"4b2a62232f300200004789e84db2f2f6",0,0,0.00389589307937882,0,0.000107511467889908,0
"5197904e3d6705fafab0c9bc7512994c",0,0,0.00119041177425464,0,0,0
"a401a223bf7f715291ea110f38cb5b0f",0,0,0.00259726205291921,0,0,0
"a07570279b70d73f0bb58d9827eb09d9",0,0,0.0194794653968941,0,0.00286697247706422,0
"eb18e22a5bd270350795e2ce7d5dc4d4",0,0,0.000486986634922353,0,0,0
"587a0606b24db52ca037cc6f7a6bdfa6",0,0,0,0,7.16743119266055e-05,0
"1f79ee52d85ff8e7dd388f95e7ff7398",0,0,0.000324657756614902,0,0,0
"aa9411df03c2d2497d74b053e23b5def",0,0,5.41096261024836e-05,0,0.000752580275229358,0
"3485942730de1c9b73a957ea4c9d9753",0,0,0,0,0.000179185779816514,0
"f8ba1e15436ce7f6b76fc3ef33a8f325",0,0,0.000108219252204967,0,0,0
"49d948c8ceccd52776df4d23560ca01d",0,0,0.000757534765434771,0,0,0
"23538e837a7c30a268c0da9078505d39",0,0,0,0,0.000107511467889908,0
"6e6ca0f34fb21d96435f48c67fa529aa",0,0,0.000270548130512418,0,0,0
"798a4407b5053dafad1e8b1774d9f711",0,0,0.000541096261024836,0,0,0
"9be5f658c7d3dc56dfbaf3c5925c5317",0,0,0,0,0.0012543004587156,0
"73abc1e448efb6f87cdf0acadc6bddd9",0,0,0.000162328878307451,0,0,0
"15d84b470701feb4910261f9403ba998",0,0,0.00119041177425464,0,0,0
"b96a55adb155d8c676e400ce57225b19",0,0,0.000108219252204967,0,0,0
"4e0b9e50460f10768426e0ae78f5fd07",0,0,0,0,0.000179185779816514,0
"9e0d05dfe49aedfcf3517b1643013917",0,0,0.000162328878307451,0,0,0
"a960428bbde597a5affa035a40e7aa7e",0,0,0.000108219252204967,0,0,0
"1b5a0c274334b70aa13d66775a65654a",0,0,0.000378767382717385,0,0,0
"08fcb4842a3dc70efafb5bfea8297a6a",0,0,0,0,0.000215022935779817,0
"8c57ef52b53db99aabd8470e5749e768",0,0,0,0,3.58371559633028e-05,0
"c8cd7166ab72bb1d481c15a71573aeff",0,0,0,0,0.000179185779816514,0
"d0a1ce5c4bf094ac9dabed6957ff6bb3",0,0,0,0,0.00107511467889908,0
"83153f7b33079323b0309709ea7f3168",0,0,0,0,0.000465883027522936,0
"b46346ec8b3a6073f16ebb2d99f70457",0,0,5.41096261024836e-05,0,0,0
"189c8c627d09e3ff748b5a367c69502a",0,0,0,0,0.000752580275229358,0
"d21850f1de5242f8caff2726ae32181e",0,0,0,0,0.000215022935779817,0
"882d0d43b58008a067ea54077b7acbee",0,0,0.00119041177425464,0,0,0
"9ecca3427e1ba4c339bd4c560ad7b59e",0,0,0.000649315513229804,0,0,0
"5a2641e2c0905e9f26f1d7b695c1934c",0,0,0,0,0.000430045871559633,0
"b96c694290017d66f4814c6c669e7bd5",0,0,0.000649315513229804,0,0,0
"69117b1c8692c55cd3aaca809137857f",0,0,0.00384178345327634,0,0,0
"399b2627ab11989cc03bf4a21c3e0811",0,0,0,0,0.000645068807339449,0
"6db87b8749fda2e333ec1aae2b4fe2a7",0,0,0.00400411233158379,0,0,0
"48c6bcd6262cfd7ef89ca2150784ad1c",0,0,0,0,0,8.13934559661403e-05
"1301a3069e8546d31f831a08cf12417d",0,0.000100080064051241,0,0,0,0
"e1cdda638d13701b996a463908d8d220",0,0,0,0,0.000179185779816514,0
"dc7562009c5766384ebe29810372ad70",0,0,0.000378767382717385,0,0.000358371559633028,0
"78e0fcbcc552f63d1fd5fdb30a11d680",0,0,0,0,0.000752580275229358,0
"14bcd5059f365040b6a1fbc9ef36291a",0,0,0,0,3.58371559633028e-05,0
"e8f6d16e21ad7b378f241c0f6d540b0e",0,0,0,0,0.000179185779816514,0
"7d08a2f8146d2ebcd38bf693e2431cdc",0,0,0.000973973269844705,0,0,0
"54b4ece0103e020c64e1690a07b43891",0,0,0.000541096261024836,0,0,0
"6f64f1420400880c13e7800d979aebdd",0,0,0,0,7.16743119266055e-05,0
"5d766b60f20df73c0965b9917af68e0e",0,0,0.00227260429630431,0,0,0
"20ff581787fdee46ef1b30d647764d6d",0,0,0.00102808289594719,0,0,0
"353e7bbf1c7ec1197d252852a280b57e",0,0,5.41096261024836e-05,0,0,0
"64812a1bdb20a3128aab4b40ffa8eeaf",0,0,0,0.00487702919250331,0,0
"636e0ee8b9c800e9a73b7236c41b8481",0,0,0.000432877008819869,0.000104507768410785,0.000430045871559633,0
"4c048fefb94dd3d75bd152632a910ce8",0,0,0,0,0.000179185779816514,0
"bb78c5995f7d7addc6bcff50a33467ea",0,0,0.00340890644445647,0,0.0125071674311927,0
"f760d6b9d19e86d10acd4f2acf04ea83",0,0,0,0,0.000107511467889908,0
"ba5396c4b8ef50b214aacbd195a4239c",0,0,0,0,0.000430045871559633,0
"74b9d2da9d3f90fb26cbb493bbcb4a14",0,0,0,0,0.000107511467889908,0
"b841a579fa2f3d912b970e6695a857dd",0,0,0,0,0.000895928899082569,0
"a5217b1cf4161ad035bfb296f1e4c973",0,0,0,0,7.16743119266055e-05,0
"ddf0f7e0b23d1e44d54d3246071949d2",0,0,0.000162328878307451,0,0.00100344036697248,0
"df01577a47e4719add6dd9ac5f5177bb",0,0,0,0,0.00039420871559633,0
"1975239457ce470ed8511b3221405b13",0,0,0,0,0.00817087155963303,0
"2f148612ab1aebb0657a9b8ba0e92daa",0,0,0.00411233158378876,0,0.00111095183486239,0
"eeab6ab7eb287aa58d3aba0963b506bf",0,0,0,0,0.000860091743119266,0
"2b364af4f3acffb23bf138229399c60a",0,0,0,0,0.000143348623853211,0
"38753b283b67132435ddf0971514e3c3",0,0,0,0,0.000537557339449541,0
"7532bd05318615450f0439ebab82f470",0,0,0.00200205616579189,0,0,0
"241693a03d133f908cb6af9fe172911a",0,0,0.000811644391537254,0,0.000250860091743119,0
"303b4bf6f87d9cdfab83c321baa48678",0,0,0,0,0.00146932339449541,0
"92dde291704f46e61ac0e32cfb2811be",0,0,0,0,0.000501720183486239,0
"9699adc34d4d3bccca495c6ba547a6a7",0,0,0.00059520588712732,0,0,0
"55ca43ffbe3bb201378d06f05052186e",0.00445151033386327,0,0.00156917915697203,0,0,0
"c9df984a942f6b539e3980e730a88ced",0,0,0,0,0.000465883027522936,0
"c13bb59d80792903fe2c68c5283969bd",0,0,0,0,0.000680905963302752,0
"ee937cdc82aaf4fba577257e3d3362ff",0,0,5.41096261024836e-05,0,0,0
"0773df94da1af20cd93f25ea3528a02f",0,0,0,0,0.000322534403669725,0
"765c4e68fc653c159cc060769eb575e4",0,0,0.00243493317461176,0,0.000322534403669725,0
"11cd7359c7458fa9a76073ebe069c336",0,0,0.00108219252204967,0,0,0
"2c8e3949ccc1d18879b6ea32313ca6ba",0,0,0,0,0.000107511467889908,0
"641ccf1cecfee2b8bd61696c20013476",0,0,0.000108219252204967,0,0.000752580275229358,0
"653f495fdff1fcc1515ff0ed8e6b35f5",0,0,0,0,0.000143348623853211,0
"47677765fde87e029ed89749677af800",0,0,0.000324657756614902,0,0,0
"5ee7038cafd9ed66187b0b9c6ba772d1",0,0,0.000270548130512418,0,0,0
"c221eb348fe585100ad354b4c0d70244",0,0,0,0,0.000573394495412844,0
"c1755d2552a06c9df3582ade49f8d337",0,0,0.00432877008819869,0,0.000143348623853211,0
"8aad6ad7fda22bb47399f0ae0029d127",0,0,0,0,0.000465883027522936,0
"73efa96daad3777ff26d95671ed4a45d",0,0,0,0,7.16743119266055e-05,0
"34eba852cf83cc5ae5f2aff51fb7b904",0,0,5.41096261024836e-05,0,3.58371559633028e-05,0
"876d60398b3aa5b82669be6cb13b92c1",0,0,0,0,0.000143348623853211,4.06967279830702e-05
"47312c6a97275cb1a6f481ea9734a708",0.000635930047694754,0,0,0,0,0
"e9407f72f7801e677b1b28a4672fd719",0,0,0,0,0.000465883027522936,0
"c3725844053f9b66597c4253379aca62",0,0,0.000108219252204967,0,0,0
"8b2f178caada878d74172102cbe6b02c",0,0,0,0,7.16743119266055e-05,0
"c7db59daf2acdc1cbcc1869b30ca97b9",0,0,0.00400411233158379,0,0,0
"05b33fb989d36e0d5125a792ea072769",0,0,0.000108219252204967,0,0,0
"5a9f2cb95a546bd20883f511e130dd9d",0,0,0.00292191980953412,0,0.000788417431192661,0
"c7ad91c6f126059832dcf7dabd53a495",0,0,0,0,0.00150516055045872,0
"6857db2a0851d8f3af61aca426a9090a",0,0,0.00183972728748444,0,0,0
"8cbf32799e21173b29618f6f30a41a90",0,0,0,0,0.000107511467889908,0.0105404525476152
"81261634dbee165d4a6e427ccd0a2f3f",0,0,0,0,0.000107511467889908,0
"2e310c9bc9e9e760a1ce4717cb90fa78",0.000635930047694754,0,0,0,0,0
"1cba5478b5fdb6f1c790c80b699a4866",0,0,0.000270548130512418,0,0,0
"4c95552629a2e6680ff0b243d217f55a",0,0,0,0,0.00272362385321101,0
"a1531e6a8d2d185d5fa7c21e6a6f9994",0,0,0,0,7.16743119266055e-05,0
"bbf6c6273a335fd21d960978687338b9",0,0,0,0,0.000286697247706422,0
"a2002dc824184204437a3fd6071a0265",0,0,0,0,0.00483801605504587,0
"477ec864ace18509b5deafb80c9bd3ed",0,0,0.00119041177425464,0,0,0
"bd0ccfa8c76b1a59e72d7cb4ca31e8ee",0,0,0,0,0.0012901376146789,0
"98a76cb9a433b7eee07c68af2ef582c6",0,0,0.00059520588712732,0,0,0
"b8c95c4e1da6b5745dad441e809681ea",0,0,0.000216438504409935,0,0,0
"d2c1f110a4c6c4d46277c238403e7bc1",0,0,0.000649315513229804,0,0,0
"91817edabd5d2aeddb1fa1507a0bcf3b",0,0,0.00059520588712732,0,0,0
"745082d8294410c9577017b48cac83f6",0,0,0,0,0.000179185779816514,0
"bc6b9b0d5c0ddbd31f8da118995eaec8",0,0,0,0,0.00243692660550459,0
"c6e87536666e0e2662b3fd1032fafa28",0,0,0,0,3.58371559633028e-05,0
"724cc47265932946ecbe7e5e9116bdab",0,0,0.000811644391537254,0,0,0
"6ded74f6a0941e9263093cc5d4aff6d5",0,0,0.000216438504409935,0,0,0
"4f0f7fb7d5aa1d496e0940906dd21f40",0,0,0.000865754017639738,0,0,0
"2379f1c9af76bd31fb08ec85c7138056",0,0,0,0,0.000286697247706422,0
"d46cd0f70b1cfd26fb699af06d319df5",0,0,0.000108219252204967,0,0,0
"3a90e6aa8d8565a603fd30262035f9c0",0,0,0,0,0.00193520642201835,0
"ed3c94317afeec6cb9d7124114441f1b",0.00095389507154213,0,0,0,0,0
"cc490d23a3ee772dcaf5becaa2fb1e7e",0,0,0,0,0.000143348623853211,0
"f99406922fee9235eb39d4ae40dcc148",0,0,0,0,0.00039420871559633,0
"bf7c288e56837b9f97547481762972c7",0,0,0,0,0.000143348623853211,0
"3fbc1a27a95703d91b4b41ea2398046a",0,0,0.00173150803527948,0,0,0
"93ab3847050e297f5a33fd899ed94972",0,0,0.00194794653968941,0,0,0
"2d356ca3730387fdc531ad6e13f74501",0,0,0.000324657756614902,0,0,0
"487fd83f1ba049a31a70fb2bb9352c6b",0,0,0,0,0.000107511467889908,0
"cda1a1eaff48e82043afd10600d1d966",0,0,0.000432877008819869,0,0.000680905963302752,0
"dbffb092e4b8d52346fa3819dfb7421f",0,0,0,0,7.16743119266055e-05,0
"8f6af0a3f1415261238963c39ffb582b",0,0,0,0,0.000752580275229358,0
"7470333890103a943add008b5a1cedb3",0,0,0.00178561766138196,0,0,0
"9d7cab375dc26aae6e1496cff42df028",0,0,0,0,0.000573394495412844,0
"d4130a6aed66b62dd3bdf65d3cda4c70",0,0,0.000108219252204967,0,0,0
"7f951a7d2a2c8f4bae39b9175bed1891",0,0,0,0,0.000215022935779817,0
"0bb8e884821f55694e0be10088628e84",0,0,0,0,0.00114678899082569,0
"2fe6ce8c7760ce9322472c8c0bd6bb5e",0,0,0.00059520588712732,0,0,0
"f611ad0baa660ef24bf20a281f57d0f2",0,0,0.000486986634922353,0,0,0
"419363d6c01e0530014c2969b7098bbe",0,0,0.000432877008819869,0,0,0
"2d304ef0774383569a97cab396f89609",0,0,0.000108219252204967,0,0,0
"504c8f91ff69642c329c779a77f1bc23",0.00922098569157393,0,0.018018505492127,0,0.00415711009174312,0
"317dcbfa6bb9e3cee07882ec29b1574d",0,0,0.0095774038201396,0,0,0
"3140a47457b0eb3c6e50fdf09d0b47bc",0,0,0,0,0.000143348623853211,0
"00c8f9c8c014e9d9d63df72656cbba3c",0,0,0.000324657756614902,0,3.58371559633028e-05,0
"64a8d3a3d53969830ba424c8760a93c7",0.0127186009538951,0,0,0,0.00150516055045872,0
"6b366262677404b4f66a8ba8e660d6bc",0,0,0,0,0.000501720183486239,0
"372ace7310681d3f6a3a7eea8d23fbf6",0,0,0.000162328878307451,0,0.00150516055045872,0
"374938e494b53bf67fb975d3abcc9919",0,0,0,0,0.00121846330275229,0
"2cd30e9eda91687ba73dcae76f4f1880",0,0,0,0,0.000537557339449541,0
"3d8ee408bdfc674aae5fed9ca5e4e7c9",0,0,0,0,0.000179185779816514,0.000366270551847631
"bc6ba85755108f012f703a54157fb6a7",0,0,0.000108219252204967,0,0,0
"5cb65a5fd3f5b6e603b4708b43cd0af2",0,0,0,0,0.00189936926605505,0
"6fb4c25870cddbf651d577ac31150781",0,0,0.000162328878307451,0,0,0
"c9de69e9eb611c1581b9b0ebc8dadc94",0,0,0,0,0.00924598623853211,0
"d3cb2389f23eef03b776759e31909dc6",0,0,0,0,0.00164850917431193,0
"2c5301e951e604792c530a8736e823a2",0,0,0.000108219252204967,0,0,0
"1b8947953a12a686483f7b9ae90f424e",0,0,0,0,0.00100344036697248,0
"daa35a64ce6e0aea27959935e1082d0a",0,0.034194021884174,0,0,0,0
"b22d0f17af74cb6018feedd52fe21aa8",0,0,0,0,0.000286697247706422,0
"d6707154810919da2b3bb69f19edcf12",0,0,0,0,0.00150516055045872,0
"c432bc9e1845e998a4cf645d3a6beebb",0,0,0.000216438504409935,0,0,0
"07fd162863a3f9c208073c7f904a487b",0,0,0.000378767382717385,0,0,0
"77f224bc63dc2e510ea59a9b405a90ee",0,0,0.00178561766138196,0,0,0
"8a37699e372113eb24fe427e278a67ff",0,0,0,0,0.000215022935779817,0
"871d9224884e13733c41f2c7badbb07e",0,0,0.000486986634922353,0,0,0
"bb1e389edda30b1db6c4aaeb06826e2b",0,0,0.000919863643742222,0,0,0
"53eb68a785eb9f2f6cb778fc6cc8c277",0,0,0,0,0.00347620412844037,0
"c5b27776f2781ee77299c2ff9ee5dc7e",0,0,0.000378767382717385,0,0,0
"100e3303076397092328aa9628da8867",0,0,0,0,0.000358371559633028,0
"a8686ff7b2a2e8f8115c8e6e56e07af5",0,0,0.000324657756614902,0,0,0
"52c5aba42ef2bb65a6774fc9cc3bbd09",0,0,0.00438287971430117,0,0.000752580275229358,0
"794b8494add0a5fb5dd1a7672a2b7562",0,0,0.000216438504409935,0,0,0
"9f8724a9e5e8fa83381f6daa8625b5c9",0.00190779014308426,0,0.0216438504409935,0,0.0872993119266055,0
"b3521f47b120e6320a9dfb781ee2540e",0,0,0,0,7.16743119266055e-05,0
"f633700ce2dc7116de316ceeecfcc0c5",0,0,0.00259726205291921,0,0.000465883027522936,0
"ec8a09bc53bdb22ce07fd554b48bb485",0,0,0,0,0.000143348623853211,0
"98ea45b7df11dce56f5d7169685f08cf",0,0,0,0,3.58371559633028e-05,0
"63347830614ffeab4aea4035da5b5ede",0,0,0,0,0.00121846330275229,0
"6dc791d169f86dd381bdfc420eca2245",0,0,0.000486986634922353,0,0.000107511467889908,0
"4ff2fe00a939e6fe64b7e7dad5e05fc5",0,0,0.00535685298414588,0,3.58371559633028e-05,0
"f6755214e43e876f375a5ea85f8bad4b",0,0,0,0,7.16743119266055e-05,0
"646b769f0ccc5d53da41e65e872d72e4",0,0,0,0,0.000143348623853211,0
"5f20b7d27c74552bce8209bf984512ee",0,0,0.000811644391537254,0,0,0
"60546ca58c9b7e2ae221b7a0370a4b42",0,0,0.000108219252204967,0,0,0
"ab9fa8be06158c76351c13f818950d62",0,0,0,0,0.00813503440366973,0
"324b3140849ff5b7e9946bdbcf805239",0,0,0.000486986634922353,0,0.000537557339449541,0
"e03a990502857fdc021b867058bcde5a",0,0,0,0,0.000215022935779817,0
"66bffc9caf995b6ae1b9e0b6b07b34aa",0,0,0.00211027541799686,0,7.16743119266055e-05,0
"de9601d0943ca1c978e157279c641d4f",0,0,0,0,0.000143348623853211,0
"61dfe49cb323aa87f3dcf2ea4d25f224",0,0,0,0,0.000501720183486239,0
"e21cb1e1c2334a1f9f8e98d41f904549",0,0,0,0,0.000179185779816514,0
"81c6cb49cac0f4e14112cf74a637880d",0.00190779014308426,0,0,0,0,0
"fbf4d990ea8fabf1cabc29eb8a4153ee",0,0,0,0,7.16743119266055e-05,0
"fe1b00f10af5c12bcedcdc5926e6df30",0,0,0.000216438504409935,0,0,0
"3e787134abd2de5c8ddfc71881c4fcdd",0,0,0.00059520588712732,0,0,0
"117a2256eb4780b577c97b7460293a7d",0,0,0,0,0,0.000406967279830702
"6987ff8da8395fd53d58c00e1577f99c",0,0,0.000108219252204967,0,0,0
"c2c5553e5244261a8239dda8f3904a01",0,0,0.000432877008819869,0,0,0
"a25d22b98917f8b23e1f9beb39082b4c",0,0,0.000162328878307451,0,0,0
"6aca871c6105671cf3b39d37d20bb6a2",0,0,0.000486986634922353,0,0,0
"0eb80652b7b6ab1a7280b442fbecef53",0,0,0,0,0,8.13934559661403e-05
"65e07ee213da9376961912724c84b3a5",0,0,0,0,0.00164850917431193,0
"eed5a0617363a15ee6a42aa7de25d9d6",0,0,0,0,0.000179185779816514,0
"c5c9ba6580d750d070c1b5b51713d247",0,0,0,0,0.000107511467889908,0
"3d91736d5f2c39cc483862db3c1bf65c",0,0,0.00519452410583843,0,7.16743119266055e-05,0
"767be03ab39f3ea9088e4d09da537eec",0,0,0.000486986634922353,0,0,0
"6113268a9dfa1839610a783fab9d1800",0,0,0.0023267139224068,0,0,0
"79fdac1c3924033f35dfc8dd7073f93f",0,0,0.00454520859260863,0,0,0
"71476f038c3a7d19112ab627078eaad0",0,0,0.000162328878307451,0,0,0
"33c81b46a23560de8799679400e32c4d",0,0,0.000216438504409935,0,0,0
"347c5aa5f49ab2da28d419ff2614f84e",0.0111287758346582,0,0,0,0,0
"d5ab05feacc3118738fcdfbfe8465f0b",0,0,0.0023267139224068,0,0.00225774082568807,0
"4e52cb202318e8ffbd8e2bdbeee6b451",0,0,0,0,0.000645068807339449,0
"7ba79efcfb1dd20be57d62b4fed82ab4",0,0,0,0,0.000967603211009174,0
"e66f009ea871482f0f03836912725ec1",0,0,0,0,0.000107511467889908,0
"6c060b6e608652aa8bd639afca62af09",0,0,0.000270548130512418,0,0,0
"c3d72a3abb1365be52eba4bda7d9bb9e",0,0,0.000108219252204967,0,0,0
"a07643d434c92c73482f438a740a3fd9",0,0,0.000108219252204967,0,0,0
"41d54b2952fcca5556106a6955fac08c",0,0,0,0,3.58371559633028e-05,0
"fa73a56915955501b76c883669816d98",0,0,0,0,0.000179185779816514,0
"a0fa1e5584202bef0144e6d941070001",0,0,0.000216438504409935,0,0.000107511467889908,0
"3567ae7a8bbd4c3d2219f208db6a7f93",0,0,0.000108219252204967,0,0.000143348623853211,0
"fe7a29d5ab31b3839da7c80e05d27d5a",0,0,0,0,0.000250860091743119,0
"c326fba24752d69a79b16312a22f07b5",0,0,0,0,7.16743119266055e-05,0
"05537977887c2b6d3917ae5ae9fe433c",0,0,0,0,0.000143348623853211,0
"0da7e268ee14c85762fb5aaaa748be86",0,0,0.000108219252204967,0,0,0
"0db8cbb88f855284af5993f04b0b1a63",0,0,0,0,0.000537557339449541,0
"49974c2fc3ee114326f5f813fef6b0f2",0,0,0.000486986634922353,0,0,0
"b968705a6cf7df3182317fe6f67a7734",0,0,0,0,0.00150516055045872,0
"2291f0d0ce70fec2e60b0d900c3cfb21",0,0,0,0,7.16743119266055e-05,0
"678ab3decd1e7779d4ac6194dc1ce294",0,0,5.41096261024836e-05,0,0,0
"daa2bb8bf35c4fd6888d01a0e1b19661",0,0,0,0,0.000215022935779817,0
"4d6de1ded002bde734a30e1ba52bc078",0,0,0,0,0.000107511467889908,0
"4dc2c655a65b8a30785b10481bb4832b",0.0130365659777424,0,0,0,0,0
"60e5c88065ee3874bb298205c83d3493",0,0,0,0,7.16743119266055e-05,0
"77a496b776815c09afa830f42f38b659",0,0,0,0,0.000286697247706422,0
"efb15107df0f9540732eae58526fea74",0,0.000533760341606619,0,0,0.000716743119266055,0
"3606faccd031b05dee0c95cafcd90818",0,0,0,0,0.000609231651376147,0
"8171925adb6ec6b438a5cb5997dd907c",0,0,0,0,7.16743119266055e-05,0
"c5752a37a989386a0015f5f9ed40d9ce",0,0,0,0,0.000143348623853211,0
"81cdd7f77f4c9d793162a4437abc2521",0,0,0.000757534765434771,0,3.58371559633028e-05,0
"170200259409665ebc417943df886812",0,0,0.000919863643742222,0,0,0
"e74acfdb14bea3223e82539dae6fa6b6",0,0,0,0,0.000645068807339449,0
"0b2214541d98bb91855fbc1564542681",0,0,0,0,0.000143348623853211,0
"46bf9f66d0a8827876a87373edf30023",0,0,0.00275959093122667,0,0,0
"1e91bebeddd0f524ed4134578d364feb",0,0,0,0,0.000107511467889908,0
"e50945e5e97c4c3b5577dfb297167c20",0,0,0,0,0.000107511467889908,0
"4ea18cce8a20ed658ea6858cf2e2aa16",0.000635930047694754,0,0.00162328878307451,0,0.000358371559633028,0
"f64667b62c283afd0f0314468caead70",0,0,0,0,0,0.000406967279830702
"f355dd9131ff931cdf40a601cec2be83",0,0,0.000378767382717385,0,0,0
"0810866bd5b5eafa0fc6ace5f0c157d2",0,0,5.41096261024836e-05,0,0,0
"4663cdb812d3cd221248b85058790bb3",0,0,0.00238082354850928,0,0,0
"57c8d898a89a120078cc24886edbce99",0,0,0.00059520588712732,0,0,0
"d22ba40241c140f731ff0b1e15a93c24",0,0,0,0,0.00207855504587156,0
"28caa9f53c7fc5b1c22af14d52b3a77c",0,0,0.000811644391537254,0,0,0
"ab8a067bee46678530028fbc97f80daf",0,0,0.00173150803527948,0,7.16743119266055e-05,0
"44178992ec59d6e207140428b6125bac",0.0823529411764706,0,0.064552783940263,0,0.0208213876146789,0
"95451197405f176935f06dc635dd58cb",0,0,0,0,0.000143348623853211,0.000895328015627544
"dcc0fec26903dfa519500d4e6b835e40",0,0,0.000378767382717385,0,0,0
"e707991a6ae69b2244a62bc2557473e8",0,0,0.000216438504409935,0,0,0
"c618fbf04cc580088f43c86bdb1332f5",0,0,0,0,0.00240108944954128,0
"7d70d0d9efc1229d6df6fda4fb311518",0,0,0,0,0.000107511467889908,0
"617b1ad87f76930c248e90624d718646",0,0,0,0,0.000215022935779817,0
"c1fe8e6db00b1e82d424c0c5e4d978ea",0,0,0.000757534765434771,0,0,0
"a788add6cbb97f6356e2a6c7968fadeb",0,0,0,0,0.00268778669724771,0
"54bdcbc6cec02dd7953dbfa8b957b91b",0,0,0.00524863373194091,0,0,0
"12a06324955f5551b0b16985e3bbbe15",0.00286168521462639,0.0017013610888711,0,0,0,0.0186391014162461
"cc67eaa4e37522ee89b011935b1122d7",0,0,0.00384178345327634,0,0,0
"144766225fc312871b7dd92f439fc1d8",0,0,0,0,0.000322534403669725,0
"996a2dca8aec82cea4db1ee02d686bbb",0,0,0,0,0.00039420871559633,0
"a1067078973548ced03d393dea1ab84a",0,0,0,0,0.0013259747706422,0
"e60af30522b9dc5edb319dae705b3a33",0,0,0.000432877008819869,0,0.00186353211009174,0
"b0347e3e1558d692fd675ef0d52286e7",0,0,0,0,7.16743119266055e-05,0
"bd441a05b5a89486fbb63f029ff014c6",0,0,0,0,0.000716743119266055,0
"aa95b33af1893cd7fcb3d438691e9647",0,0,0,0,0.00304615825688073,0
"30869dc6ec7b6d131ac489d0cee91d83",0,0,0.000216438504409935,0,0,0
"ccd0775c8f00007b618e91ca8f18cb87",0.00222575516693164,0,0,0,0,0
"d161d1e713b4adaeaa33705474c7a752",0,0,0.000162328878307451,0,0,0
"6906ca7194b847469527e510c4359bc9",0,0,0.000108219252204967,0,0.000788417431192661,0
"9bd0cb78673d2ae213c8ea4107815323",0,0,0.000324657756614902,0,0,0
"da2052cc1f284be4c76d797ebb7063d1",0,0,0,0,0.011360378440367,0
"b3ea7fd2fc2d15aa576e33f89fb99fba",0,0,0.000108219252204967,0,0,0
"50a221a3959d6fd075f09e88c5588136",0,0,0,0,0,0.0938466547289598
"ca13a9dc495cdfe0997e23df342d95e5",0,0,0.00113630214815216,0,0,0
"91cebf46f6c7c02eecb607da92fedaa7",0,0,0,0,3.58371559633028e-05,0
"90cee62a54f7269e5d69843c134ae421",0,0,0,0,0.000286697247706422,0
"57a9312aba186568600bc7ea422e7bd9",0,0,0.000541096261024836,0,0,0
"4d36658198e6dd34c6cc398028316bff",0,0,0.000108219252204967,0,0,0
"a4e831ef75c67791d6387332704e1672",0,0,0.00211027541799686,0,0,0
"8770cf4c7e870d847c271f4d33d01a5f",0,0,0.000378767382717385,0,0.000465883027522936,0
"054097aac01c75bf048201d4329ca7cc",0,0,0.000324657756614902,0,0,0
"144f370b2eba2f3018755191e8603342",0,0,0.00524863373194091,0,0,0
"1c7c620920231f6313d2651648fe839e",0,0,0,0,0.000967603211009174,0
"0b1af045047582afa2a17afc02b3b43f",0,0,0,0,0.000716743119266055,0
"24d568fcf6b97a45cdf76482645b2507",0,0,0,0,0.000716743119266055,0
"8d855c38a8bf7122b2fa442fb7dc8675",0,0,0,0,0.000358371559633028,0
"4d4093e2fc1402de5b4614d2fd6ea06f",0,0,0.000162328878307451,0,0,0
"71f30b518180da3281a9823cc8c90e81",0,0,0,0,0.000465883027522936,0
"cf0c8d38095de087bbe13deeccb137bf",0,0,0,0,0.000931766055045872,0
"461684a2fa91db4a04b6d2700cf30b08",0,0,0.000973973269844705,0,0,0
"1ec3c2f38c222650b134f0b3ec771d7b",0,0,0.00221849467020183,0,0.000179185779816514,0
"4b652cc785dab5d4fe1dc1cc1a4e49c4",0,0,0,0,0.00250860091743119,0
"bdfbc7110d2ab46ecc614465e9af688d",0,0,0.00259726205291921,0,0,0
"7bc90badd5f467f6afba38fb42dfc80f",0,0,0,0,0.000824254587155963,0
"3bb29c900507e7cb18755bc748933038",0,0,0.000162328878307451,0,0,0
"a74130c12a1bb1886cd85eb1b8697384",0,0,0,0,0.000250860091743119,0
"354f221b6ddf6f5e73d38b57f5b93b8f",0,0,0,0,0.000573394495412844,0
"93072ad6137223df8fe7b5a6d462bbb2",0,0,0,0,0.000860091743119266,0
"1c47dd082deac8ecc6bbf2185229c4ad",0,0,0.00156917915697203,0,0.000250860091743119,0
"5cde1f2b9cbccbe1295f386784540dd7",0,0,0.000108219252204967,0,0.000107511467889908,0
"e0e34d738f11560f741795667ba2da1e",0,0,0.000270548130512418,0,0,0
"e5d2897df2f464827244b871d67ee050",0,0,0.000973973269844705,0,0.0078125,0
"8abf48171206d66c6996d76a69995831",0,0,0.000486986634922353,0,0,0
"fa90712efa6dcaeb4280ac2ae8049dfc",0,0.000133440085401655,0,6.96718456071901e-05,0,0
"9710e4f2e6419b188e30337e34bb3fae",0.00127186009538951,0,0,0,0.000322534403669725,0
"73f27aae4f64315775a4d9bfc7a84b80",0,0,0,0,0.00232941513761468,0
"533e28a567747743e0216e9914bd0d4d",0,0,0.0135815161517234,0,0.0039420871559633,0
"e3972b0290252cf370c77b0889945c92",0.00317965023847377,0,0,0,0,0
"0a9253b43dfdecd47cd9daa8afb2014e",0,0,0.00292191980953412,0,0.0109303325688073,0
"0c39a1d5a21c9a034224cc1587a41fb3",0,0,0,0,3.58371559633028e-05,0
"d70d667dbc89e6b9e649c62e3d9fc436",0,0,0,0,0.00143348623853211,0
"99e0205bd305fb1ec2525f27e484813b",0,0,0,0,0.000215022935779817,0
"928b5af9732384984cfe2aca1d05c02f",0,0,0,0,0.000573394495412844,0
"c409aa3a435f7ca0e83266bd15ae14e2",0,0,0,0,7.16743119266055e-05,0
"7101ff24942c85c94cbe30676921ac1b",0,0,0,0,0.00218606651376147,0
"781736c4c41beb5eb9ade104df74a504",0,0,0,0,0.00232941513761468,0
"9fafb575bdcd835b8957e471328b7991",0,0,0.00129863102645961,0,0,0
"4212ce4cc389a086aed129105c41003d",0,0,0,0,0.000250860091743119,0
"035a0b177aa164e6ddf36379948dbedb",0,0,0.00643904550619555,0,0,0
"b8216129a8b41286062aedc1f19b8238",0,0,0,0,7.16743119266055e-05,0
"bea7fb10bbd30a2005b75909152ddfff",0,0,0,0,0.000179185779816514,0
"7037e57c8f669742b866ac2ffea1a8a4",0,0,0.000757534765434771,0,0,0
"be5cf331284be830fa4dfb8f24d748c2",0,0,0.000108219252204967,0,0.0107153096330275,0
"452b80f7b64f01f9aa1a09c2b8af1a7a",0,0,0,0,0,0.0884339899072115
"f1387f15dd7964089dd0d3d7961805e6",0,0,0.00146095990476706,0,0,0
"13ff727199f68b3db91de35f718a025c",0,0,0.000216438504409935,0,0,0
"67ff487f9806ad6f323fa74ead9e8bc2",0,0,0.000378767382717385,0,0,0
"333501bac1fe07ae8049ce5b70c9ce56",0,0,0.000757534765434771,0,0,0
"5f06c5adfdac985982e9f18e487dc0d4",0,0,0,0,7.16743119266055e-05,0
"3c0cb7393fdcb2c1a1ac92dcce2f3382",0,0,0.00113630214815216,0,0.000286697247706422,0
"56e48390146f820715100282a96e6bd6",0,0,0.000108219252204967,0,0,0
"87473647d132a34e9cec0b69f3774778",0,0,0.00189383691358693,0,0,0
"aa1d766614ae6eb4a3cdc9bd9fc9ac79",0,0,0,0,0.0012543004587156,0
"a991d844da8617306a4719710da02e1e",0,0,0.000216438504409935,0,0,0
"a0134a49226645edd4d6da1d1ec708c1",0,0,0,0,3.58371559633028e-05,0
"09c0453f143beda25c4038c91b59ca0f",0,0,0,0,0.0012901376146789,0
"526c83c27bacf64d19a1ea6c9b6181fe",0,0,0.000703425139332287,0,0,0
"77ea856a2faed8006a93265cc8857767",0,0,0,0,0.000860091743119266,0
"337fd5a5ab6d26e019f9c8c6e813af95",0,0,0.00173150803527948,0,0,0
"d37c2a331c37a53ed32c85f6b0fc6f9c",0,0,0.000865754017639738,0,0,0
"b3f7d373c878b456d272837090c02003",0,0,0.000703425139332287,0,0.00146932339449541,0
"b0d503e8f60fb2ae18da5f77be89342a",0,0,0.000811644391537254,0,0.00344036697247706,0
"6ba640c36a77ba47bdc30c2c34cafa5a",0,0,0,0,0.00369122706422018,0
"efe5dc05f49d11e87f000d8f3a64503f",0,0,0.00497808560142849,0,0,0
"f497f65d49384954bc60e1ff21e24f53",0,0,0,0,0.000430045871559633,0
"a7f38f7ce31cb07d1da5e204589f4f99",0,0,0.000108219252204967,0,0,0
"99374abb12c1009351fa4673b3c365fa",0,0,0,0,7.16743119266055e-05,0
"efc7dc88d0106146dfc06febca7df476",0,0,0,0,0.00164850917431193,0
"070a78b712a85ad8570fbcab9f0016df",0,0,0,0,0.000143348623853211,0
"eb3cb74c8b3d213c2b3f0c496b3e7708",0,0,0,0,0.00039420871559633,0
"8608e0deade853656d551d168c8ec176",0,0,0,0,0.000358371559633028,0
"866435618a1751edc980bf3b357abf58",0,0,0.000108219252204967,0,0,0
"3c19cd280df7f3b0c105cf250b2d089c",0,0,0,0,0.000250860091743119,0
"4645c0a0ee694523674f657fb694c6a8",0,0,0.018234943996537,0,0,0
"9ba2b98cb3985d4eeed0d6d0bee0c108",0,0,0.000162328878307451,0,0.000573394495412844,0
"ab103fae43471274c989e983bc3b4698",0,0,0,0,0.000465883027522936,0
"1fef2011e6296f92b90abdd835999422",0,0,0,0,0.000430045871559633,0
"df52b8b3905ecb2585c85fa5b86b583e",0,0,0.000108219252204967,0,0,0
"3a82534b40dc197830fcc87528818ddc",0,0,0,0,0.000465883027522936,0
"4711dfa61fed29f9de4a1389faaf5fc8",0,0,0,0,0.000107511467889908,0
"c82cdc2278b0b7d11abf3a42d32a62ce",0,0,0,0,0.000179185779816514,0
"211a6e1bdc3c976b55e36ae81f26b2c7",0,0,0.000216438504409935,0,0,0
"8f2724ec54538ade94db04106405fe7c",0,0,0.00589794924517072,0,0,0
"919a87084513fd0541c1a10e3e25074d",0,0,0,0,0.000107511467889908,0
"e109c3814359e327bf28f08ca7566821",0,0,0.000108219252204967,0,0,0
"f6b6b828a6e95466e8d63b67b81ba39a",0,0,0.00156917915697203,0,0,0
"87387cbbd1b404fafb626dc32176f799",0,0,0.000216438504409935,0,0,0
"a7ce43a052835516aa04d478463cbe04",0,0,0,0,0.000107511467889908,0
"d88e32fd9096ecf2b366ede0352ed2ed",0,0,0,0,0.000107511467889908,0
"1ba89161e7f922a23de4360653aba27a",0,0,0,0,0.000250860091743119,0
"2cf994ea7c5624cce9e02b24ad476f0e",0,0,0,0,0.00121846330275229,0
"2693ec1cb6ad6db90900dacda49b0a9e",0,0,0,0,0.000465883027522936,0
"f7d36d41b4263a9266198dcbe42e6a12",0,0,0,0,0,4.06967279830702e-05
"854b56eb24f4e34a12cc116b56bca903",0,0,0,0,7.16743119266055e-05,0
"3d131c876f6e514056316cd8ef8395fc",0,0,0.000378767382717385,0,0,0
"a17c3c151437549a3bd5b1936cafffe9",0,0,5.41096261024836e-05,0,0,0
"af3c0a49abb1264b4d0c79d4a0ddccbe",0,0,0.000216438504409935,0,0,0
"caa4afa55a6b4f913e3ce5ead8f25b6e",0,0,0.000108219252204967,0,0,0
"f07c270fb9f82e559fb504e650ffc277",0,0,0.000162328878307451,0,0,0
"087e3ed96c33ac4a54c0a89b2f98eded",0,0,0.0399870136897354,0,0,0
"6a3bd12bc203eeb06bde90b55eb9ac82",0,0,0.000541096261024836,0,0.000931766055045872,0
"34a3a9451a8f113fed26d1dda8d302b8",0,0,0,0,0.000250860091743119,0
"6fb0f8b30939a806b2680fa58a9c2078",0,0,0,0,0.000537557339449541,0
"32b5073f9650fd987320c78b310bbe7f",0.0508744038155803,0,0,0,0,0
"cc06f9475b3047d4cfab25ce2c362996",0,0,0,0,0.000501720183486239,0
"4af6776a2ab216b9e437444799b212da",0,0,0.000324657756614902,0,0,0
"e5af198b962d009b1b51c5170ec4ee8b",0,0,0.000973973269844705,0,0.00602064220183486,0
"3eefb4c7430225766c035bd16934dedb",0,0,0,0,0.000895928899082569,0
"bac5f36a828d852b627340e8d9e7978d",0,0,0,0,0.000716743119266055,0
"fd619daa747fb432aef189ee177aae8a",0,0,0,0,0.000716743119266055,0
"6986985c6c6efc5e7afba8f64bd91b60",0.00095389507154213,0,0,0,0,0
"4273230b118a19fbe48257b12b2756d3",0,0,0,0,0.000250860091743119,0
"37275bb1c8fedd2a6f2d3b1a04355c45",0,0,0.000108219252204967,0,7.16743119266055e-05,0
"a99d55cf6efd97ec0110a1a5ea7927bc",0,0,0.000865754017639738,0,0,0
"514773ad4a447f7537624b5efb7c8a44",0,0,0.000108219252204967,0,3.58371559633028e-05,0
"c2a4bcca015c77d5f3558e6264c68ec4",0,0,0.00903630755911477,0,0,0
"84c9fbd1bef31e00d1c7d17d1c33340b",0,0,0,0,0.000286697247706422,0
"4432295560718624df0733d3de870428",0,0,0,0,0.000465883027522936,0
"bf9466c04102da2d01e871d1033f3b7d",0,0,0.000108219252204967,0,0,0
"21285cf92a07059b42a40be7cfa1be33",0,0,0,0,3.58371559633028e-05,0
"011cf46068712da44322c2ae4e9b1b9a",0,0,0,0,0.000645068807339449,0
"37dfc94d7e9a0c4d57bc1c16814f41b0",0,0,0,0,0.000358371559633028,0
"08b9da7f663d83d7370fd08d91409530",0,0,0.00135274065256209,0,0,0
"722e33148da16661ecc37f6e349649fe",0,0,0.00259726205291921,0,0.00383457568807339,0
"e3ff1481b60bf8a6192b8c132e03c75f",0.0101748807631161,0,0,0,0,0
"4d20ec1d32c4d610eb67e90ddf6049d4",0,0,0,0,0.000430045871559633,0
"97b5c5bebaa48b3adf7bb18499f0c6e6",0.0054054054054054,0,0,0,0,0
"fafbb0bbfc6dfda37618e916c39e90eb",0,0,0.000973973269844705,0,0,0
"c89f2db4d99e9de44b5ec07e05e348db",0,0,0,0,0.000322534403669725,0
"05a339078798631ba475a919e8849108",0,0,0,0,0.000465883027522936,0
"f1fa61f9eeab80aaaaae3c7dbec322c3",0,0,0.000162328878307451,0,0,0
"a1f7bf2e9d876e6df3a515828ce65f9f",0,0,0,0,7.16743119266055e-05,0
"a73cc83de63f501f30503348b83a6dcc",0,0,5.41096261024836e-05,0,0,0
"5a7a7f935d6c515c77a51ea48a5b3f6d",0,0,0.000811644391537254,0,0,0
"4c93aed45fc4e907a5af071bd3c0e539",0,0,0,0,3.58371559633028e-05,0
"34d02c651049f6b7e1098f151c9153f1",0,0,0.00059520588712732,0,0,0
"378e8500acb28472e5d34d7c92db30b9",0,0,0.00243493317461176,0,0,0
"4a0aa3b19254678acf10b41be57e773a",0.00508744038155803,0,5.41096261024836e-05,0,0,0
"7a7d97f32a7bf0b1aa99d7e6a15fc1be",0,0,0.000162328878307451,0,0,0
"d3159c2fecd20b5f01f49028000c889d",0,0,0.00259726205291921,0,0,0
"bc6e248fe4d412d11b6d386caa1c35f1",0,0,0.000378767382717385,0,0.000609231651376147,0
"3efe4018e327153524ce8feb1db016ea",0,0,0.000541096261024836,0,0,0
"71a30697373df11000cdb8335e1ab5c5",0,0,0,0,0.000609231651376147,0
"8fbfcb6cea9357e41ae96c085e560d2c",0,0,0,0,0.000179185779816514,0
"f9e40f451b8f8c88b9e18786ad0a9da3",0,0,0,0,0.000645068807339449,0
"40939bf11db1bf8fc9e7f3114f420ee4",0,0,0.000378767382717385,0,0,0
"f525e12561748cdbdc2a4527d85a2f5a",0,0,5.41096261024836e-05,0,0,0
"5bf60c846d888a0fe5190c061468ef35",0,0,0.000486986634922353,0,0,0
"c2a10934dad833afc9d3a0b5f4aa5308",0,0,0,0,0.000107511467889908,0
"39c14f8691769538ce2f68091c9437cb",0,0,0,0,0.0012543004587156,0
"dbefc1c78a4e33564edde72988c3e3a2",0,0,0,0,0.000179185779816514,0
"ca3cacc8375c5b266aa7ab015e5a5925",0,0,0.000216438504409935,0,0,0
"bb36e8e9befcf3a97316bd5d23e796b7",0,0.140145449693088,0,0,0,0
"924914a14a8306a17664a8ea2dbda4e0",0,0,0,0,3.58371559633028e-05,0
"e6ffc1ee28b50f29dbb486f42ea6d6dd",0,0,0.00124452140035712,0,0,0
"53478da9372e16765dbb7c7e2d223e4e",0,0,0,0,0.000501720183486239,0
"30ee5a18a4affc2adb33b0495e603001",0,0,0.000703425139332287,0,0,0
"06f1e277ae60cecd191ccad9681d3cc9",0,0,0.000108219252204967,0,0.000609231651376147,0
"a06a788a56d81118f73b9390d90daa9b",0,0,0,0,0.000680905963302752,0
"532566345580a603abd6d53bb6af2626",0,0,0.00259726205291921,0,0,0
"3706ee8d8aa83d19542507c9a78c8845",0,0,0,0,0.00100344036697248,0
"0b677320b7b39d2f6063814deb21a882",0,0,0.00508630485363346,0,0.00344036697247706,0
"f224e21d415339384a7d124512acfc10",0,0,0.000216438504409935,0,0,0
"969f10e2c48b182bbe0904d946badcfe",0,0,0,0,0.000465883027522936,0
"2f9e5eebdb5b294b66290acd57769fc1",0,0,0,0,0.0012543004587156,0
"a9a9fceabb2ded4edce03aafc300b332",0,0,0.000703425139332287,0,0,0
"7f994a7cce9be9165651c134b8c54607",0,0,0.000216438504409935,0,0,0
"c818930ec69b646b36a4ef6bfa6e65af",0,0,0,0,3.58371559633028e-05,0
"7bbaad377ff25600d01139623cd14ff6",0,0,0.000324657756614902,0,0,0
"34ddccec4dab43d30316845971c590cf",0,0,0,0,0.000501720183486239,0
"9c392a0f022ec4488a99df77f1d38d4c",0,0,0,0,0.00397792431192661,0
"3e986669bc5fcf9d4d05bb4a3eb340f7",0,0,0.00286781018343163,0,0.000358371559633028,0
"dc3c9f81a141de0c7fab869fe4a953a4",0,0,0,0,0.000752580275229358,0
"70619dd1cbb650bd278ab257e2434d5f",0,0,0.000162328878307451,0,0.0012543004587156,0
"067cc405569a2feaa6bf21ad670bb1db",0,0,0.00124452140035712,0,0,0
"7b5a963d4cb977300c8917ebb89e4a54",0,0,0.000378767382717385,0,0,0
"0b3554f3d6f34940c373add9bf3c65ed",0,0,0.00200205616579189,0,0,0
"365bdbb8d31a3d61cf242aab2b5763be",0,0,0.00059520588712732,0,0,0
"9034d3472488830b2a29dfd95b4124a2",0,0,0,0,3.58371559633028e-05,0
"83bcbcfbbaa934fa6946deff5d848c4f",0,0,0.000541096261024836,0,0.000465883027522936,0
"dc754e74641eee8b45dffe5e32b84044",0,0,0.000108219252204967,0,0,0
"244f7ff61433a10d3fd1f891f59cca84",0,0,0,0,0.000895928899082569,0
"78cdaa865e31b616e204811fdc852709",0,0,0,0,0.000501720183486239,0
"e8b822cdbb07fb27abd483bd22928723",0,0,0.000162328878307451,0,0,0
"79e92495a3a7469d103b3202a8943080",0,0,0.000270548130512418,0,0,0
"7e0d5b21e1ac4d529f65a512893274f3",0,0,0,0,0.000215022935779817,0
"8280a4838710164b9a06926a755ee488",0,0,0,0,0.000286697247706422,0
"7ee31542f90e1514bb7b9f1415fed6ab",0,0,0.0111465829771116,0,0,0
"098ffc6c7445d1307e845733f790c898",0,0,0.000108219252204967,0,0,0
"80daed6b97fb51a7e42e60a57a2cd803",0,0,0.000919863643742222,0,0.000107511467889908,0
"abec2e55536b55b6f73fdab31cd511e3",0,0,0,0,0.00272362385321101,0
"f79e442e0c5a5ab7be1d0e389990dc58",0,0,0.000378767382717385,0,0,0
"bb0f844c5d6318277615efce838a634a",0,0,0.000324657756614902,0,7.16743119266055e-05,0
"2ff18c6051328f7cdf4061501c773563",0,0,0.000973973269844705,0,0,0
"f367abf8f308a85fc94dfd27395615ab",0,0,0.00124452140035712,0,0.00175602064220183,0
"9e0715cb0c573c253dd66033472084c2",0,0,0.000216438504409935,0,0,0
"0277eff9495d2687a62e3e9ebc904621",0,0,0.00059520588712732,0,0,0
"2a6783c12f82d340ef4e3a6dc98cb792",0,0,5.41096261024836e-05,0,0,0
"afd249f9f16ca192f78faae31bcce203",0,0,0,0,0.000107511467889908,0
"d19214e92b093e88cc9e5cb0dcd42d8e",0,0,0,0,0.000250860091743119,0
"c536422149b45e967dae180c780ce78a",0,0,0.000865754017639738,0,0,0
"1b26bb577eda83a93c97959abf85e68d",0,0,0.000216438504409935,0,0,0
"38d7bf2403729aaa5fb3eb97845edd4a",0,0,0,0,0.000716743119266055,0
"3ebebe295e66da49b3bfe4f5703655f8",0,0,0.000108219252204967,0,0,0
"6044e36431b5884538a38fb563314b47",0,0,0.00135274065256209,0,0,0
"ddd88f0733749fc90751e5960866f14b",0,0,0.00719658027163032,0,0,0
"ee787f6e85caf61c5258b95c78476449",0,0,0,0,7.16743119266055e-05,0
"5aea37dcf7a6b6d18ba194d394d7d205",0,0,0,0,0.00103927752293578,0
"853d2af3f3ab1edb370840a126f44462",0,0,0.000865754017639738,0,0,0
"6d9efe0b30ebb87849005abe243f3afb",0,0,0.000378767382717385,0,0,0
"5e8b95afbdd259d25f1a059c78fedaa3",0,0,0,0,0.000215022935779817,0
"e4d1d7f655f1aac253bbd3968a6c06e4",0,0,0.000162328878307451,0,0,0
"0a6918d14dbc66ee0b8689f50c664edd",0,0,5.41096261024836e-05,0,0.00408543577981651,0.000529057463779912
"a5527f06e48ffb03c7d1abdb31985812",0,0,0,0,0.000609231651376147,0
"d4bdc3113f5e5907e66a8ad1170a10c2",0,0,0.000270548130512418,0,0.000322534403669725,0
"65de1eaa5c80fac9e5a2c5b52441ee29",0,0,0,0,0.000143348623853211,0
"75547a94a4378e3cead31714a6f05603",0,0,0,0,0.00372706422018349,0
"64c96bddadb14d0c2b3960bababc3a1b",0,0,0,0,0.000143348623853211,0
"5ccb4c6cbc4462a2cbf5cc46234b2bce",0,0,5.41096261024836e-05,0,0.000107511467889908,0
"85659b5b79a501d2fda3d7448e5e2194",0,0,0.000162328878307451,0,0,0
"9d5b5a441530108172bf4f2b4e696f2d",0,0,0,0,0.000179185779816514,0
"d605265f2cc7a941c79cd5d9774d3948",0,0,0,0,0.00225774082568807,0
"9ab74c67ca11f22efd19506151dd3639",0,0,0.000811644391537254,0,0,0
"2a30f668ea149198f81555cf9d76a75a",0,0,0.000162328878307451,0,0,0
"7ef342d97a469edd5979b788b95a44e6",0,0,0.00275959093122667,0,0,0.00012209018394921
"873ba34a1d655f9f459c28cb88d590a3",0.0282988871224165,0,0,0,0,0
"b832451e06b5ba9098d9f2d26a427971",0,0,0.0026513716790217,0,0,8.13934559661403e-05
"bda6cb906619db447d307dc9299c17db",0,0,0.000486986634922353,0,0,0
"4dc768a62dacccd43da5ac42dcac6f8b",0,0,0,0,0.00103927752293578,0
"0c989874184173a99073194800ccec5a",0,0,0,0,0.000250860091743119,0
"4f14e3121334960b51e25e218485132e",0,0,0,0.104298752873964,0,0
"77bc5771380e4d70c2b02ec755c775fa",0,0,0.000270548130512418,0,0,0
"f44f896f660b88fff35fb547d5e62429",0,0,0.000270548130512418,0,0,0
"546aba831d459430219edf830457a56f",0,0,0,0,0.000143348623853211,0
"a8e6fdd31736e0851d9b91253e9dc68d",0,0,0.000162328878307451,0,0,0
"ba0b02acb23ec797db62c8242a1d42e1",0,0,0,0,3.58371559633028e-05,0
"3b5d9ef1a155fa624abe9c0432b6d3f2",0,0,0.000324657756614902,0,0,0
"7ae761e4a3a1c10982dcb1895d918de4",0,0,0,0,0.000107511467889908,0
"4f8b002c803741c8b7f7bf85c81395c8",0,0,0.000270548130512418,0,0,0
"6bc6cfdf022545c704ce18d99e000602",0,0,0.00173150803527948,0,0,0
"db920214084c9dd1a4f5ba0b90e01fcc",0,0,0,0,0.000716743119266055,0
"65597e91af57974625d5ad61826f39b1",0,0,0,0,7.16743119266055e-05,0
"15d66d159ae4993615edd6dac3b35fad",0,0,0.00438287971430117,0,0.000895928899082569,0
"66f9600fad9209c4ce93103c345bf509",0,0,0.00470753747091608,0,0,0
"b3f7ab3ec50f13944c1a096558294925",0,0,0,0,7.16743119266055e-05,0
"34835afbd7b2e3ce535d53436d8b9a86",0.111605723370429,0,0,0,0.000788417431192661,0
"13bbb72806ba8d27b77a5f9c932b8d54",0,0,0.000162328878307451,0,0,0
"1bf78a96b3ff21f897295fc1ddca3917",0,0,0,0,0.000107511467889908,0
"8a46dbbddc7a45c5ca5fda6a846a629f",0,0,0.00140685027866457,0,0,0
"8893cb68deca2bfa2e2efd6b6f11312b",0.000635930047694754,0,0,0,0,0
"9db3f93c6a063497ed88c622ed355460",0,0,0.000270548130512418,0,0,0
"aca8b91a8aa8048c0eaec78517606eaa",0,0,0.000108219252204967,0,0,0
"81895f036bf8ce251268f9ac5b433d98",0,0,0.00113630214815216,0,0,0
"68bdad71b1d5f79c70b1cc0f71584263",0,0,0.00178561766138196,0,0.00161267201834862,0
"60d222f7c243df1e6ac23af78f598161",0,0,0.000432877008819869,0,0,0
"9ac8a87b5c0e65bc94d09125f91a32fa",0,0,0,0,0.000215022935779817,0
"057f989806a7609e9a99a9e83e479940",0,0,0,0,0.000430045871559633,0
"7bcf97513d5d442e6011f761467dd586",0,0,0,0,0.000895928899082569,0
"d62d26fb3dc50ed97ad623729d5e9ac0",0,0,0,0.691109872500523,0,0
"ea4cfb6af7096642ac0ed18ee436678d",0,0,0,0,0.00103927752293578,0
"8d79fc303422a8ef86b92a8fd0f5abd0",0,0,0.000270548130512418,0,0,0
"7b7bddf432f4362463b0a740839b7276",0,0,0.000378767382717385,0,0,0
"7bf22c22787b8602ed968fe37e279c6e",0,0,0.000378767382717385,0,0,0
"188fad6ebb5ced6a2c33f4c6d2eedc5e",0,0,0,0,0.000824254587155963,0
"7882a41c62c16135f73238f628291d29",0,0,0.000270548130512418,0,0.000322534403669725,0
"06235e6048a2a0004e9dd16e8d798240",0,0,0,0,0.000788417431192661,0
"8babfbe1f04bc6be4ae5900c5bf1a667",0,0,0,0,0.000286697247706422,0
"80ec3180e2811abc79f53747c430b822",0,0,0,0,0.000286697247706422,0
"a54e2af5d72fcc48418aed6563638175",0,0,0,0,0.000430045871559633,0
"b2ba781ddf96dab027a1ceddb9fcb656",0,0,0.0176397381094097,0,0,0
"d0fee7cb9b520b6e1d49f3474b5a9217",0,0,0,0,7.16743119266055e-05,0
"07231b8c96542207b82c8c058197e79f",0.0054054054054054,0,0,0,0.00143348623853211,0
"8ff51217d8562e56cf8b9cf4d3321171",0,0,5.41096261024836e-05,0,0,0
"17c5ed646b2950ae75e8dc934445c2ac",0,0,0.00221849467020183,0,0,0
"5115f6b158ff19f57c2a7920f2aa6ccc",0,0,0,0,0.000286697247706422,0
"338f5fad39847814d885a320c265525f",0,0,0.000432877008819869,0,0,0
"e6af55985aa4f75218ee7e901aa1cbc6",0,0,0.000162328878307451,0,0,0
"8950b9d828a7972407f9a2a2502eea32",0,0,0.000703425139332287,0,0,0
"0be25e4c445f978d165c30f36c9b41ae",0,0,0.000649315513229804,0,0,0
"a70a61464a0f16d6cbc487c7eb73046d",0,0,5.41096261024836e-05,0,0,0
"65782a5520c0f29a49cce4183f27a559",0,0,0.00205616579189438,0,0,0
"788494db54d023ccfa21df37eaeceaf3",0,0,0,0,0.00186353211009174,0
"cfe9d1685c302a1ecb2601da9f44a785",0,0,0,0,7.16743119266055e-05,0
"cce36925f5fcd43d5f5f818ca67d1152",0,0,0.00151506953086954,0,0,0
"542644a361e193a01add78c04f41b1fc",0,0,0.000162328878307451,0,0,0
"d03ae331bc2d7f7be462bec110ae79d5",0,0,0.000216438504409935,0,0,0
"1973c6084a01bcbdecdc8f29ee7e4395",0,0,0.00389589307937882,0,0,0
"a388d835d707581833c8ba1cd43683c5",0,0,0,0,0.00114678899082569,0
"74c69ff9defbaaa1a06bbac0c32c3927",0,0,0,0,0.0026519495412844,0
"bde4c57b5fbba1c3939578c3c4ba2cef",0,0,0,0,3.58371559633028e-05,0
"5ba162fa75dbb4774d0ce37e83b58b13",0,0,0.000162328878307451,0,0,0
"15d685226af07d69a1e105584524db2a",0,0,0,0,0.000931766055045872,0
"48bffd252f882df73a8c25e818feb5e7",0,0,0.000324657756614902,0,0,0
"7498fd1fd842aa303b349952c4e2383f",0,0.000233520149452896,0.00243493317461176,0.000104507768410785,0.0189220183486239,0.00362200879049324
"6325be48d5785b3ba5083e8a2dda8d6e",0,0,0,0,0.00111095183486239,0
"61591ba4ef8fa696ead51aff090fcba1",0,0,0,0,0.00114678899082569,0
"eee3de81b3c6dbc72d78d79891bde56a",0,0,0,0,0.00100344036697248,0
"fd8c16b2229aaa60f779961a324235f4",0,0,0.000270548130512418,0,0.00404959862385321,0
"6461dc002a15bdd89eec2095354aedfe",0,0,0,0,7.16743119266055e-05,0
"d4e84da9662b121c8d1fbce81ad5cb43",0,0,0.000108219252204967,0,0,0
"bc740f91d4eae60039d3dbaed9d0a5ed",0.00604133545310016,0,0.000324657756614902,0,0,0
"3368e4ff35145b10cfa46dc12f28b40c",0,0,0,0,0.000358371559633028,0
"6c88a6634358af3783cf0e9d68a0800b",0,0,0,0,0.000107511467889908,0
"1221fe220e1dfd06df879295984d2a4d",0,0,0.000432877008819869,0,0,0
"e6949fd6747cf2a4ded76181f9c368ba",0,0,0.000216438504409935,0,0,0
"aca140979fc257cf5e5494142a26e6f4",0,0,0,0,0.00225774082568807,0
"d7f029f9f23711efce8142c459115dd0",0,0,0,0,0.000537557339449541,0
"b1745835b6c7ae3bc0e3417ff7f0dfa3",0,0,0,0,0.000322534403669725,0
"5ff48bea1a8b9b75cfa4d09a9dfc7409",0,0,0,0,0.00215022935779817,0
"354e71a1ce3548256daacc539ef68598",0,0,0,0,0,0.290574637799121
"734425a961d09aebffe6789bfa0ce67b",0,0,0,0,0.000358371559633028,0
"7a80afbd322655c1d63a6129d301557e",0,0,0,0,0.000215022935779817,0
"da3bbb8f6d4b5e1efafb78713a06c9a4",0,0,0,0,0.000143348623853211,0
"6d208c547efdc35e0491d479a8a55a9a",0,0,0.000649315513229804,0,0,0
"1b496d5cd6be788b63816260a6b9b22c",0,0,0.000270548130512418,0,0.000286697247706422,8.13934559661403e-05
"a7bdb12632b90fd5c4ac5bead112151c",0,0,0,0,0.000286697247706422,0
"8e10136769e67841e1cff88d41205d6c",0,0,0,0,0.000358371559633028,0
"bf98afb4df38c232a98735e3cca0b46a",0,0,0,0,0.000430045871559633,0
"99207fb0fe2bd2e0573b2e2bb0952f7c",0,0,0,0,0.000215022935779817,0
"5a8399d5831a7665743b314057905591",0,0,0,0,0.00100344036697248,0
"815b38163ce5a7cf45681b568f5a5a70",0,0,0,0,0.00172018348623853,0
"4691f0bb010853ed03f527529fcb9c20",0,0,0,0,7.16743119266055e-05,0
"a1e3d44b0a79afd14fe2d0c9dcce7732",0,0,0,6.96718456071901e-05,0,0
"0bfdf082dc3685093a24a6c41b8c7de2",0,0,0.000216438504409935,0,0.000645068807339449,0
"e528f2fa47e973406536e18378d69626",0,0,0,0,7.16743119266055e-05,0
"bd2ab565d90e159857fc5568208d6fa9",0,0,0,0,0.000465883027522936,0
"b12143d6a9bc39c5df5fc9cc563414f0",0,0,0,0,0.000860091743119266,0
"ce210d5391819321a0987950d8764316",0,0,0,0,0.00189936926605505,0
"2e91dda6d5b7d017fdd8b8cb191d09de",0,0,0,0,0.000143348623853211,0
"1c22dbf6ab5169d2d193f6005abd1a84",0,0,0.000216438504409935,0,0,0
"2509fe1b25a87404d9c29e9dede1d500",0,0,0,0,0.000430045871559633,0
"f7273d1ad384da8f6df3bac0368c0c44",0,0,0,0,0.00304615825688073,0
"028620895e7b0ea69d18b19244b5cc69",0,0,0.000432877008819869,0,0,0
"4dc8a6b2408951810e0db753d09f42f7",0,0,0,0,0.000322534403669725,0
"161bc27f77fac6b0daea67cdd37456b2",0,0,0,0,0.00039420871559633,0
"e63883a0d675927ada77153ab8b94203",0,0,0,0,0.00157683486238532,0
"15e3f73341d5359525eb33bd9ddad032",0,0,0.000324657756614902,0,0,0
"f8a44c643c11001c3520cb41b16ed66c",0,0,0.000162328878307451,0,0,0
"dd4ba57fc6cc7dc1e205e1b75d32e4f3",0,0,0,0,0.00426462155963303,0
"dc6905d0abd3393513c5e4680619f1ce",0,0,0.00259726205291921,0,0.00161267201834862,0
"220657c46a371b2471626852203d7984",0,0,0,0,7.16743119266055e-05,0
"2fccb6e2f6d01603614a0140378da36b",0,0,0.000865754017639738,0,0,0
"1769a1aa2ba1c041c2c81420e5770f6f",0,0,0.00367945457496889,0,0,0
"4026faa64ddcc35b3b5b55c443273953",0,0,0,0,0.000322534403669725,0
"99e3c43e5d0b3d035474a8bdde9a460c",0,0,0.000649315513229804,0,0,0
"a2de96a9ab2ade759039065e59c7e8e7",0,0,0.00167739840917699,0.0132724865881697,0,0
"69f97687715ed80448b2a59814adc007",0,0,0.00129863102645961,0,0,0
"acb8c27a4fe58748dc03ca9c59111028",0,0,0.000108219252204967,0,0.00358371559633027,0
"6c95f6ede6edc70f1b4425b70e1ccae2",0,0,0.000108219252204967,0,0,0
"472f06129cc758073ccceb08e576d7de",0,0,0.000378767382717385,0,0,0
"2d80469746e1d4b8dfa2d47d549e9419",0,0,0.000378767382717385,0,0.000430045871559633,0
"cffec8a7bc9d0da236e162cff37846d4",0,0,0,0,0.000179185779816514,0
"28f811da2ec0c7bb330181086541cf03",0,0,0.000432877008819869,0,0,0
"b977a9cb17e19e361439ff07631e528b",0,0,0,0.00254302236466244,0,0
"f3f5e266dcbbe4f03e73f39428ee2f0c",0,0,0,0,0.000788417431192661,0
"8b86b96846402e80dc93ebe527539be6",0,0,0,0,7.16743119266055e-05,0
"a31db7866086b29941eb06967ad43bd9",0,0,0.00216438504409935,0,0,0
"2807c6904ae08f8ce9f03f5a5989d019",0,0,0.000757534765434771,0,0,0
"1c7e25f0838cbf279e994716b1c019c8",0,0,0,0,0.000645068807339449,0
"f917f775c36754afb358b886c4a160d4",0,0,0,0,0.00103927752293578,0
"21010de1ff9359dd78db78aa11086a63",0,0,0,0,7.16743119266055e-05,0
"d569ecb8ab762c50226b6eee1fc2ad97",0,0,0.000703425139332287,0,0,0
"27806f9c7ee90f8d3885dd73538a1ab3",0,0,0.00378767382717385,0,0,0
"19cf3ade07dedb4b804d5de25455bf39",0,0,0,0,0,0.0965733355038255
"8b29fd2866f60a0db6591916acd7a34b",0,0,0,0,0.00039420871559633,0
"ec99a3c02aa4265e8fe7751795084958",0,0,0,0,0.00100344036697248,0
"87f3b051078fef1a2d2c01cd948a19dc",0,0,0,0,0.000322534403669725,0
"ab9090fe063f9932fa6da1c16db9d4b4",0,0,0,0,0.00039420871559633,0
"8b55bf3d42f6526f21d3c105bb4426e6",0,0,0,0,0.000537557339449541,0
"0b10f3b8ad92e391ec8ef5fc294ece9b",0,0,0.00221849467020183,0,0,0
"013b0dbb93e69fdf5ca28799b467de91",0,0,0.000973973269844705,0,0,0
"ce6318adfcbc01ab4a2708ee989d4e00",0,0,0.0069260321411179,0,0,0
"b1da9be797fffde9d5123c2fff4c8797",0,0,0,0,0.00175602064220183,0
"3f3ff0c466ab872e4be90beb1307fd82",0,0,0.000432877008819869,0,0.00304615825688073,0
"f7a5a40055d4570d6e6606b2fa3bdade",0,0,0.00124452140035712,0,0,0
"63f607eec18b9421d450d5d6264b125e",0,0,0,0,0.000788417431192661,0
"cafbd9a84cd5c9d5f89e5757833f13f7",0,0,0.00059520588712732,0,0,0
"3490563530f92f242b09a2ee743f578d",0,0,0,0,0.000215022935779817,0
"b34e31f31ee0cf16fd2c6da6135e1d7a",0,0,0,0,0.000286697247706422,0
"d68e6c67edbe24e2faf70971c246692d",0,0,0.010064390455062,0,0,0
"c4fd69d71ea9a74a72d1fe5f2326aa64",0,0,0,0,0.00100344036697248,0
"42664aeed36b3d07c1230f5646e035ba",0,0.778989858553509,0,0.00188113983139413,0.00218606651376147,0
"ef8961057de42f1ad531b90ac19e5c1d",0.0235294117647059,0,0.00286781018343163,0,0.00845756880733945,0
"bf96ca6828579cbce13efd61ccb3b4c5",0,0,0,0,0.000286697247706422,0
"d58ca1ee8e9b4648d4b93716ac05d43d",0,0,0,0,0.000358371559633028,0
"c2d95f2ff39dbf03c98ed238509d7a1b",0,0,0.000162328878307451,0,0,0
"b39b2fad48a74189cec3072e91612095",0,0,0.00275959093122667,0,0,0
"53654a237526abeeebd863786448b69d",0,0,0,0,0.000931766055045872,0
"34e7eddd2004af3ab70e3672e222c05d",0,0,0,0,0.000107511467889908,0
"7010e6018b779cf86039e0e267e3334b",0.00222575516693164,0,0,0,0,0
"ba9a81a4f62902c9bfd5a73c4411bd7b",0,0,0.000378767382717385,0,0,0
"47ea5f9f7d5993a605b9a3129d47f228",0,0,0,0,0.000430045871559633,0
"3abae4182f352cbb5cbfd9a0eb2d2d68",0,0,0,0,0.000537557339449541,0
"fbb312cf03ec8e4a999c224c44ad040b",0,0,0.000432877008819869,0,0,0.123921536708449
"9022d51e05489a611001647c085e4959",0.000635930047694754,0,0,0,0,0
"e4f94900ec45e98d881b35376a5bf728",0,0,0,0,0.000501720183486239,0
"9037a5c174e318684ba8e30f24214258",0.000635930047694754,0,0,0,0,0
"8e163480788dc9b48a3f8fa0a3b9864e",0,0,0,0,3.58371559633028e-05,0
"95342352c0c8dba06a9263c258110a8b",0.00095389507154213,0,0,0,0,0
"34bad19d5af6e949620851572b1c4f51",0,0,0,0,0.000143348623853211,0
"7c7b3bae78d7b11d333b3b34016cf310",0,0,0.000270548130512418,0,0,0
"5611d15fdb5ecc4e829b9d1b9fad9c01",0,0,0,0,0.00118262614678899,0
"f693e58f72a451b43c2b6f6b6c161e99",0,0,0.000162328878307451,0,0.000645068807339449,0
"f5dea8ab5686d617064ecaf6ca7f712e",0,0,0,0,0.00379873853211009,0
"77c1b32f239d12644d19080b31e3127b",0,0,0,0,0.000179185779816514,0
"386bdac2bfd47bd4d9e99672d6ba9a6b",0,0,0.000649315513229804,0,0,0
"fc672ff88dc475b143532167712d4329",0,0,0.000162328878307451,0,0.000322534403669725,0
"7550fc73967863596949fe9690486c33",0,0,0,0,0.000179185779816514,0
"1d51aea83fe98d6c161e5f44b0d16a20",0,0,0.000270548130512418,0,0.000322534403669725,4.06967279830702e-05
"79eb571cce4eacc5420807f743f2c5c9",0,0,0.00292191980953412,0,0.00039420871559633,0
"d4f5aae44fd41f4fe4d526a93f1395aa",0,0,0,0,0.000931766055045872,0
"47aac693633b9fd630671f6f71b62e91",0,0,0.000108219252204967,0,0,0
"2e97ae6045b5230ada1f96ce43102648",0.00095389507154213,0,0,0,0,0
"11f98c9aa8a4605eefea85b5af78c5ad",0,0,0,0,3.58371559633028e-05,0
"6adb2eacba36bc15c895c8aff875c5ee",0,0,0.000378767382717385,0,0,0
"fb7eb3703e02ac42091288f60daeeb0f",0,0,0,0,0.00118262614678899,0
"84eaae5a257fa91ff7efdbfbbbed7b45",0,0,0.000270548130512418,0,0,0
"80d0be487cf9a065fb05feca03c0f8f9",0,0,0.000324657756614902,0,0,0
"d16258a521a553c95615d2b2dfde770d",0,0,0.00162328878307451,0,0,0
"854d4c13b7c3388fd9effdde4fe8d8b4",0,0,0.000432877008819869,0,0,0
"2d88b761b5198f865888ab3179d9bea8",0,0,0.000216438504409935,0,0,0
"b9b842e90c7194f133eaba03c60a06af",0,0,0.000108219252204967,0,0,0
"d8b6e8396e8791080b7fc4e173dcb422",0,0,0.000811644391537254,0,0,0
"bfa04b0ac0ef1ae4b144bc1bdd0ce3f0",0,0,0,0,0.00662987385321101,0
"83d845120449997e18e7942195945824",0,0,0.00351712569666144,0,0,0
"ec25d4c5bde082172bef9633a28a873b",0,0,0.00211027541799686,0,0,0
"bc14e4ea03863da6f933d0371ac9bf3f",0,0,0,0,0.000107511467889908,0.000325573823864561
"9d13583a49aaab3c6a32dea9eb7f1de7",0,0,0,0,0.000322534403669725,0
"7c510f10c8a597dcb804894b6a38d924",0,0,0.00286781018343163,0,0,0
"cf1aa5819f7ffd9d214d28fd9441e180",0,0,0.000649315513229804,0,0,0
"df1ceea7eb0df70078cd52fc99c86c7c",0,0,0,0,3.58371559633028e-05,0
"f799e9b3bf930ffaf80e3556e2974968",0,0,0.000324657756614902,0,0.000250860091743119,0
"469d37e2e28b79e19821a3a7e6e753fa",0,0,0.000108219252204967,0,0,0
"28cd66cc1a536f4dfd22cbf28c822ba2",0,0,0.000108219252204967,0,0,0
"18770325358b391e288329083ede248b",0,0,0,0,7.16743119266055e-05,0
"c9e72fbcc59baa57ea6b71a3748bab00",0,0,0,0,0.000573394495412844,0
"c918c5f9ad56bf0e41c34922c3a326bf",0,0,0.000811644391537254,0,0.000107511467889908,0
"20fd637feeaf62ac2f083e48a17cba05",0.00794912559618442,0,0,0,0,0
"b2601285d748c6461fcfbbc87c2fed86",0,0,0.00292191980953412,0,0,0
"d27107d67527326035cce28e313c60e1",0,0,0.00102808289594719,0,0,0
"6e36940b2cb34dcc4aa4540ca427ddbc",0.00572337042925278,0,0,0,3.58371559633028e-05,0
"6c399e85f0870e3b26930e2d7d312cb1",0,0,0.00735890914993777,0,0.000107511467889908,0
"d4c40860d60eaca91f141ac8cb8a72ba",0,0,0.000108219252204967,0,0.000143348623853211,0
"d1ed65fcfb47bf17c4a9c455cc59efb2",0,0,0,0,0.00100344036697248,0
"054cc951ce2db503dd36d9992c4fb415",0,0,0,0,0.00157683486238532,0
"2628addba0e06e2c3a6c9ecd10a20049",0,0,0.000162328878307451,0,0,0
"0ce79188c6f40ccdfa2477c63687886e",0,0,0,0,0.000537557339449541,0
"e6c3107f99007f6a8c01407f46d47029",0,0,0,0,0.000143348623853211,0
"88a5d970b0f452ab046b026fc768a604",0,0,0.000541096261024836,0,0,0
"c5dec0e4379e1f093ba18de8d945d43c",0,0,0,0,0.000143348623853211,0
"8d0e53975d22ac159a0d423135c013d2",0,0,0,0,0.000680905963302752,0
"ff1f8a723df2a02afeade7729ca89d98",0,0,0.00059520588712732,0,0,0
"948246970dc1c9a9cb1b0e4c3669ee06",0,0,0.000216438504409935,0,0,0
"52c552bd13d441afd621413874138f09",0,0,0.00059520588712732,0,0.00308199541284404,0
"a0665325dd10f821d8a49d0dec74aae0",0,0,0,0,0.000895928899082569,0
"910af3ecd592daa9a5333c95bb211e22",0.0531001589825119,0,0,0,0,0
"143c8c4bcf9e8d595222bb81a13a214f",0,6.67200427008273e-05,0,0,0,0
"a542450b84f3db9ea85b05b465a47f9f",0,0,5.41096261024836e-05,0,0,0
"5f3bf7f4b0e20de9f86740b3dc1f7f89",0,0,0,0,0.000286697247706422,0
"cf2bd41023577a3868b6089de7e5adbd",0,0,0.000216438504409935,0,0,0
"ef2683c65127a80eac9b109554aa0690",0,0,0,0,0.000179185779816514,0
"9039d1d08fcc353cd39537c8b79045de",0,0,0,0,3.58371559633028e-05,0
"5b4249cfa7ccc1139706ca5497d53953",0,0,0.000108219252204967,0,0,0
"07fac414048ca9fe44352173e313d6cf",0,0,0,0,0.000286697247706422,0
"449538aac1cbfaa74e738e1df58856dd",0,0,0,0,0.000286697247706422,0
"6edd6db8fe930b41c32402c032fa7925",0,0,0,0,0.000358371559633028,0
"ed489fc087b47884caf607b85a4bf4ea",0,0,0.00108219252204967,0,0,0
"b440132355ed37ddf31cc6c8253bd719",0,0,0.000108219252204967,0,0,0
"a5a8b7ac60ac42b4dac145cb9d90404d",0,0,0.000486986634922353,0,0,0
"375fbab3daa6b70924bf0a7748842da4",0,0,0,0,0.000680905963302752,0
"61754cb08116863500b7fa03638bfd8f",0,0,0,0,0.000358371559633028,0
"6e04b8efe35bdbe2a4b56bbec5229852",0,0,0,0,0.000107511467889908,0
"f6228cd539c1b379a891954d5f53d15b",0,0,0,0,0.000430045871559633,0
"ca144f8bbfb236a9356ba34128703688",0,0,0.000108219252204967,0,0,0
"37c44396798fbf95af9fb42b43a80d6a",0,0,0,0,0.000752580275229358,0
"bb17b57cf845f574a0c6ca6d2b7515b5",0,0,0,0,0.00114678899082569,0
"6c9411f602b2e0c7e04779d36d448531",0,0,0,0,0,0.00276737750284877
"97391ae38cf204b7257b9f241fd61cbf",0,0,0,0,0.000286697247706422,0
"4549c2f54d230bb54e9286da0d2934ed",0,0,0.00124452140035712,0,0,0
"3c65362f13d6e057b5dbffee71b2d0f3",0.108744038155803,0,0,0,0,0
"a3b560c225ea35975b6311ff836c3bab",0.00222575516693164,0,0.00108219252204967,0,0,0
"acfd117e911dd33035099279354772b7",0,0,0,0,0.000645068807339449,0
"9e80fa1f2e31b02c8c418d1caea7f9b5",0,0,0,0,0.000143348623853211,0
"53b3bcee0fc9b88e8331fb8e16bff770",0,0,0.000541096261024836,0,0,0
"f01afeb890808c156e7fdae17c779227",0,0,0,0,0.000716743119266055,0
"bb8be6eb5bf7491ad939609ece25ce47",0,0,0.000108219252204967,0,0,0
"33904a81b10d8de1bf84f0c9964fb5e2",0,0,0,0,0.000143348623853211,0
"4d24f2940a91730dd3664e41a5513611",0.0054054054054054,0,0,0,0,0
"c9e5382e1215f09be609e6dbea244ef1",0,0,0.000541096261024836,0,0,0
"2e52e8204dbc9cd7f7ba75634a29a3b7",0,0,0,0,0.00107511467889908,0
"259d24a6f0f024a9c5fc73af6d4c0e3e",0,0,0,0,0.000179185779816514,0
"7c9504010a525367cb9d6b791b4958ec",0,0,0.0242411124939127,0,0.0013259747706422,0
"541420e753feb06fdb732dd71ce21404",0,0,0.000270548130512418,0,0,0
"c5319f81aa12afab427cbb84becf2c66",0,0,0.00059520588712732,0,0.0051605504587156,0.000162786911932281
"7bec3b38464aeb26c1d3602586f4a406",0,0,0,0,0.000358371559633028,0
"6671638496fdd5f0f6bdfadf2cac3590",0,0,0.000108219252204967,0,0,0
"058ea2e1448666cb1f691c2b8d18f77e",0,0,0,0,0.00103927752293578,0
"aa9621c2198cb39d5f9839abd0ff762f",0,0,0.000162328878307451,0,0,0
"c8c470014546737f8b844392e8db4cd9",0,0,0.000216438504409935,0,0,0
"c8f5a37b226b64f738772c3e6337acd4",0,0,0,0,0.000179185779816514,0
"2a9de6a1b3d1eb629d5d61ad18dcc6e0",0,0,0,0,0.00662987385321101,0
"5f7a011f40b37e1bb338bf11d26d1c5a",0.00572337042925278,0,0.0036253449488664,0,0.0269137041284404,0
"3feec676ffc9eb35f6ed164d0939ab13",0,0,0,0,0.00111095183486239,0
"38e905217c60b125367a627a1f856d91",0,0,0,0,0.000179185779816514,0
"60f683dc326ddcc3189341e263d0b30b",0,0,0,0,7.16743119266055e-05,0
"cd43a198483e50532cc784b13f000927",0,0,0.00227260429630431,0,0,0
"086621af30de3fa5f8438d6089e5cc2e",0,0,0.000378767382717385,0,0,0
"371a3067151009a3b980521a7032c332",0,0,0.00227260429630431,0,0,0
"2ebfe5dcfbe2197da251e4ffe3ba181d",0,0,0.00351712569666144,0,0.0377365252293578,0
"fbe0ecdf2d4db0fbe83bb23e6a8b15f2",0,0,0.00135274065256209,0,0.000250860091743119,0
"65a67f5b3b9ad06a445af154964c216b",0,0,0.00108219252204967,0,0,0
"862d131df0a5d7524516f05534b757f3",0,0,0,0,0.000465883027522936,0
"d39c568efe9c6afaf0ee446e884942f8",0,0,0.00384178345327634,0,0,0
"86f87ad6e8739a0945dd0ff0c31d1c65",0,0,0,0,0.000250860091743119,0
"487a1b6cb013bf78ebb0c5b5f2d2fc82",0,0,0,0,0.000465883027522936,0
"08e3dc2fb8f2d47c8bf93c2e7ec9f274",0,0,0,0.0141433846582596,0,0
"316bdad2e7e3c4da49f0a8b9dcd162af",0,0,0.00254315242681673,0,0.000143348623853211,0
"287ebcd70a4d5ed64f5763f187014e90",0,0,0.000811644391537254,0,0,0
"ef580a122a05bb4e70790d944c93e4c1",0,0,0,0,0.000179185779816514,0
"339219d7f9abf3d23e99e53ff91167a7",0,0,0.000378767382717385,0,0,0
"6e15e854aad1a9187e548b45a21f6a52",0,0,0.000649315513229804,0,0,0
"9ed2ff1372b946b003a8139e5faec4c2",0,0,0,0,0.000215022935779817,0
"25773bfbf9d6a4c3409c910f3501b26b",0,0.000333600213504137,0,0,0,0.00923815725215693
"6ac1985c358ba2059a0b42c0bc5c2423",0.00890302066772655,0,0,0,0.0155891628440367,0
"5b197ab094ec8c1cd796240f4ed90ead",0,0,0.00946918456793464,0,0.00240108944954128,0
"bad3bf2ad2bc10b8a3fe7ac7684dc53d",0,0,0.00119041177425464,0,0,0
"57abbd6ca7c558efe825299ff377bf56",0,0,0.000162328878307451,0,0,0
"2663e3f08231dc5dd3d73eb270164d97",0,0,0,0,0.000752580275229358,0
"d30dd0fce617e3791b68e6ae68dbffc9",0,0,0,0,0.000143348623853211,0
"25ed99b630e92bb7ca67ee76c193d07a",0,0,0.000216438504409935,0,0.00293864678899083,0
"e5893fa96806c283de2f01ca61007604",0,0,0.00119041177425464,0,0,0
"610b48d5adf3f3bf7ce1d4bbf9642c8d",0,0,0.000757534765434771,0,0,0
"fe2c92119516e689dedde8b3d3aa2c69",0,0,0.000270548130512418,0,0,0
"600df1ab687c2fc0b6a32964ad9bcba1",0,0,0.000378767382717385,0,0,0
"c22aacc7aad173eff85fb5ca7ce1f4b4",0,0,0,0,0.000286697247706422,0
"5290367aff9ee540e939ffdcae07aa41",0,0,0.000108219252204967,0,0,0
"39c920d05506bcbce74d3a1f1b9e8656",0,0,0.000324657756614902,0,0,0
"649356adca082116b74835422fa0c186",0,0,0.000270548130512418,0,0,0
"a3a83d3f483c775b59c32b2cb8ad6ef9",0,0,0,0,0.000143348623853211,0
"d372ac915426d51688634896b34c684f",0,0,0.00827877279368,0,0,0
"10ef198225ae2714f102809ca6b1bdf6",0,0,0.000108219252204967,0,0,0
"f9fde9922dd3c1d2dbe73b197d8129bd",0,0,0,0,0.000143348623853211,0
"4e4c96f01fdfe3f943485b50c85f5a20",0,0,0.00308424868784157,0,0,0
"9ad37656137b08684ec05d8eaba5dea4",0,0,0,0,7.16743119266055e-05,0
"2c7ab3e8a7bf89bdc270373968c921d9",0,0,0.000216438504409935,0,0.00304615825688073,0
"2c1de493b322a54bf350b5918758cd6f",0,0,0,0,0.000860091743119266,0
"bf5ca6af6b5d9c21af548c415f83e5d1",0,0,0,0,0.000179185779816514,0
"550632f1ba0e0445a2fa900708699ddc",0,0,0.000649315513229804,0,0,0
"2abd9d145f2b2127a56b019a854ab787",0.00222575516693164,0,0,0,0,0
"accabecf1bee1aaed0467cd4058d5991",0,0,0,0,0,0.00683705030115579
"c3cade0a408893dcf6f965afb33d8136",0,0,0.00411233158378876,0,0,0
"e82b772062b25e3aaf108e4989d25f0d",0,0,0,0,7.16743119266055e-05,0
"826d4a8be210be75a1a17ecc5da7f401",0,0,0,0,0.000322534403669725,0
"2f17a4f6eb81942e2f5d20b37922384a",0,0,0,0,0.00039420871559633,0
"74ef44f8209f7aae4ea37ffc3cd7d88a",0,0,0.000324657756614902,0,0,0
"2a1c2cfa465b2c159a9f325e1a16546c",0,0,0,0,3.58371559633028e-05,0
"2cca8339e1897b0f21594edc8cc19a15",0,0,0,0,0.00143348623853211,0
"87f5f875c9064a6b64e821d6f0142241",0,0,0,0,0.000250860091743119,0
"935031dae2113b6f078d6caa23b09d14",0,0,0,0,0.000322534403669725,0
"d5efaef1c67fe453cfa5d6d2f8a68042",0,0,0,0,0.000501720183486239,0
"314f7eab7e25cbbfdd71fc652e6a045d",0.00985691573926868,0,0.00432877008819869,0,0.00874426605504587,0
"9b9f04a17296817f41dc278415a84ac9",0,0,0.0036253449488664,0,0.00039420871559633,0
"d71ac26f5b6910b799bb74e97a1eae4a",0,0,0,0,0.000215022935779817,0
"21982c4c3bd5a42482078a275420cb15",0,0,0.0039500027054813,0,0,0
"abbe3c0445dbf965d99954b817916719",0,0,0.00887397868080732,0,0,0
"e4ca639a6f18c0a92bfeb22bfd523986",0.00317965023847377,0,0.00140685027866457,0,0,0
"74d27c68bc47ee8736a93a633fcb09ab",0,0,5.41096261024836e-05,0,0,0
"20a260b983ce434114c826d376c8df85",0,0,0.000378767382717385,0,0,0
"6732a60148a5c3c3bef378e3a3084aa3",0,0,0.000703425139332287,0,0.000215022935779817,0
"12b4f24f8032ff7e8c3911fc4ec80056",0,0,0,0,0.000179185779816514,0
"152cbbfa4e8d649867f16a898dd67c98",0,0,0.000324657756614902,0,0,0
"7a0b29615ae4d3afe8c722dcbdf08169",0,0,0.000541096261024836,0,0,0
"fd63dfd5dfd1c6c7c2abf4a4d6bb5514",0,0,0,0,0.000537557339449541,0
"b7a713548cd26df8fed515023cdd8fbc",0,0,0.00211027541799686,0,0,0
"227cddf5411d17e09bd975b5cbab14fd",0,0,0.00162328878307451,0,0,0
"21686e09007654d60de83e91a62abd4b",0,0,0,0,0.00039420871559633,0
"20705a25199746c57f78836911a03f0b",0,0,0.0033006871922515,0,0,0
"31a152aeccaa84356b4cea278855b1ce",0,0,0,0,0.00225774082568807,0
"0a66891f44a49ae0165860e00a076669",0,0,0,0,0.00111095183486239,0
"446020d2da5cbcdf26e494aa54192bef",0,0,0.000216438504409935,0,0.000752580275229358,0
"c02654551a506698d5a696a1bf48f965",0,0,0.00183972728748444,0,0,0
"c80f5593dd27eaf162a2b69a11e9342c",0,0,0.00059520588712732,0,0,0
"b48d0a8997e8da986a2cb33a6ebd5d23",0,0,0.00351712569666144,0,0,0
"a9664c0b7f38ed476a6788455ec8030c",0,0,0,0,0.000179185779816514,0
"59825dd82352934d47b1bf24b405033e",0,0,0.00113630214815216,0,0,0
"c074dc37ad8ce74031f37e707321d707",0,0,0.000649315513229804,0,0,0
"5ca507b56712d718c54f4fbad06cad04",0,0,0,0,0.000143348623853211,0
"99f73d6f839a4313dd3e0e7903acbeb9",0,0,0.00140685027866457,0,0,0
"b3a2fcc26d4463bbe62be430c98b5907",0.00095389507154213,0,0.00183972728748444,0,0,0
"f568817b7b19d86cd20f39e1a44bc6ab",0.0174880763116057,0,0.000108219252204967,0,0.0140123279816514,0
"ee843df4011fcabbf0030ac3e3be125d",0,0,0.00059520588712732,0,0,0
"57707f0906454810e5cf4ede48d857a1",0,0,5.41096261024836e-05,0,0,0
"b70c64af461ed28a44e4612de3019e6b",0,0,0,0,0.000143348623853211,0
"62c6fa37e9eb70700eb341828651da48",0,0,0.000108219252204967,0,0.00121846330275229,0
"cc5e4a019064aec1b3a8364c38e0b03b",0,0,0,0,0.000107511467889908,0
"e876a9fb7f8698576a4be95f07100d43",0,0,0,0,0.000250860091743119,0
"2eeb07cce5355eab8769d23afd6424f0",0.00222575516693164,0,0,0,0.000501720183486239,0
"6dd0a5fe295b4dcab5486a2900172e70",0,0,0.000378767382717385,0,0,0
"7d4ea99c89fa107f24377c7f0a5dda62",0,0,0,0,0.000107511467889908,0
"43e63f0700bae4f63fc71edb85e298fc",0.00127186009538951,0,0.000378767382717385,0,0.0012901376146789,0
"1298c962726ef925cf62a647b1365921",0,0,0.000703425139332287,0,0,0
"e1b182bf1df75fea6396aebb2ae8d417",0,0,0,0,0.00215022935779817,0
"0c92cd080706da679e9334155d95006e",0,0,0.00238082354850928,0,0,0
"94111eae14a711c5ef3f163dd7909b58",0.0158982511923688,0,0,0,0,0
"d29e97f296302e42874ac3d9550035bb",0,0,0,0,0.000645068807339449,0
"f9a1bf2560266ad6ce5258b85ffed031",0,0,0.000108219252204967,0,0,0
"8a584406094fb5a2306727ceeb321637",0,0,0,0,0.00189936926605505,0
"9eebba85d4728252964664b46fbcd412",0,0,0,0,0.000107511467889908,0
"2845a53de4b25321330d6a2ab8d21485",0,0,0,0,0.000895928899082569,0
"686eee49290cdc2c9b0ac3d52c6107e9",0,0,0,0,3.58371559633028e-05,0
"d74df2d69e264cc8aaf0b82e82b8656d",0,0,0,0,7.16743119266055e-05,0
"db523f00be9472bc5e9568331704a9e2",0,0,0.000108219252204967,0,0,0
"2ff85cccf26f47f3b74cf3d2fa559bf5",0,0,0.000108219252204967,0,0,0
"9720b8d4cc2377596a4b65bcb2688a69",0,0,0,0,0.000430045871559633,0
"23ba2e34318fffd71f9c563ca5c6dad8",0,0,5.41096261024836e-05,0,0,0
"d8e0a3a3980c2956799c86a54009d240",0,0,0,0,0.000250860091743119,0
"9b686b7c5ea764a4ed9e8cae4e468dce",0,0,0.000865754017639738,0,0,0
"8443de8f66c2e3a7540bb7531661aea5",0,0,0.000108219252204967,0,0,0
"49e9421c5164d99a7235f0ec8e0fa95e",0,0,0,0,7.16743119266055e-05,0
"7b0a23445230adb28d1d46fbfced5702",0,0,0,0,0.000931766055045872,0
"ee9ce9737de3da9c1125a1775e2d79b2",0,0,0.000270548130512418,0,0,0
"684049b34b7cdd92288fc7c81e47a459",0.00158982511923688,0,0,0,0,0
"ea25d3d0610c4daf9950d1350446180f",0,0,0.000270548130512418,0,7.16743119266055e-05,0
"3d20d3940ebe3d54a0698d8a99fc972f",0,0,0,6.96718456071901e-05,0,0
"52a3a74ba83da33e5131ec51da93f020",0,0,0.000270548130512418,0,0,0
"dadf8e3c1630aadca30d4b5f15feca93",0,0,0.000486986634922353,0,0.00146932339449541,0
"a7bc1eef28ae6a4afea85e034f9cb929",0,0,0.000270548130512418,0,7.16743119266055e-05,0
"653550c03052c707093059589bb15b7f",0,0,0,0,0.000250860091743119,0
"606b56ef18afa38ee6e6090ea8fd7131",0,0,0,0,0.00039420871559633,0
"71850626733358b56a23d7f7679da603",0,0,0,0,0.000107511467889908,0
"c83c1f0dbefcd0676a722199b9a31f1f",0,0,0.0115794599859315,0,0.00118262614678899,0
"5cb7dbe9ae06d1e9ac871d0b172ade56",0,0,0.000108219252204967,0,0,0
"b9a651a9c22badd2112acf595f206d5f",0,0,0.000378767382717385,0,0,0
"4b30010b27adafd4a4f4dde6bc98b881",0,0,0,0,0.000107511467889908,0
"08de9ed281a48601ca3ddd53129af94f",0,0,0,0,0.000107511467889908,0
"b5e1a5ab1dd41b4d2bed37d16e978934",0,0,0,0,0.000824254587155963,0
"276340ad28f9255722f4ba5ca2063462",0,0,5.41096261024836e-05,0,0.000107511467889908,0
"ef0095a7eda76a627e55e4e8f184866a",0,0,0,0,7.16743119266055e-05,0
"d99d1882c29f639f23f5f7df009fa223",0,0,0.000324657756614902,0,0.000250860091743119,0
"5f92013853d29073dd8a8ad2b8b5a3f5",0,0,0.000541096261024836,0,0,0
"b93c9d73c0b45589a663b75bdcf0f293",0,0,0.00059520588712732,0,0,0
"484e352b1ad12a8fb92ccd93c0d889d5",0.0209856915739269,0,0.00633082625399058,0,0.012901376146789,0
"219a490359099abc524007cb318f445d",0,0,0,0,0.0013259747706422,0
"91a4ae757e1b3eb6b25cb435ceb1aef4",0,0,0,0,0.000143348623853211,0
"447e5c5c886e9cfab550d72e4e2d2a99",0,0,0,0,0.000573394495412844,0
"749f4d2d4096fb8abfd862c6002359bf",0,0,0,0,0.000573394495412844,0
"99dda478a7513517dde1bcb44c7854bf",0,0,0,0,0.000107511467889908,0
"64cc2874ddde7a090bb8bd8486fe91bb",0,0,0.000919863643742222,0,0,0
"419fda29170808740cc10f842e41eb33",0,0,5.41096261024836e-05,0,0,0
"45ee2b8e86923e088d0557d64dac910f",0,0,0,0,0.000322534403669725,0
"9fbf82ab050be4b6cc7d620bac31da28",0,0,0,0,0.000358371559633028,0
"f5e75afe6b594ce03093121656d2e9e0",0,0,0,0,0,0.0012209018394921
"24d40f564e495e62db9c4f743e0a41ee",0,0,0.000162328878307451,0,0,0
"38fe90d2ba5e5726f8a3d7bc28453795",0,0,0,0,0.000143348623853211,0
"e960fc429b6a3c6910892c6486ce877a",0.000635930047694754,0,0,0,0.00236525229357798,0
"2d97b3f59cbf8c2de7bc1946da4baf27",0,0,5.41096261024836e-05,0,0,0
"2871faa93c21ccb0c0eb2e8facb18fdd",0,0,0,0,0,8.13934559661403e-05
"914c4f5827d9d59165b5973aacf624a4",0,0,0.000108219252204967,0,0,0
"ac5d79ab9fc37ca9d14975a7886c2d3e",0,0,0.00194794653968941,0,0.00358371559633027,0
"00aa19cb648ef7d086d6df71f485079d",0,0,0.000108219252204967,0,0,0
"977681825e0a63dddb62fb8f2b3a58ac",0,0,0,0,0.00189936926605505,0
"53135483d6ca71160cf3b876ffa9e336",0,0,0,0,0.000215022935779817,0
"377f64ede4e652f641b8e5a8653fd42d",0,0,0.00124452140035712,0,0,0
"62de02b8e47881d6b02f054b6436d8f5",0,0,0,0,0.000143348623853211,0
"aa0f41a864db057523bb7b49f5d8bfd0",0,0,0.000270548130512418,0,0.000322534403669725,0
"4458962171dfc71bb381d645ab1ac001",0,0,0.00124452140035712,0,0,0
"9f2b639d8ea968f9be743144b9aa3223",0,0,0,0,0.000645068807339449,0
"b06a4cb4d4f68cc5c26f29dad90981e5",0,0,0,0,0.00154099770642202,0
"84328e3a84a7fef4d611e26e9c1dc459",0,0,0,0,0.000107511467889908,0
"dd8c8d60bfca3e1df01a4bbff8d3326e",0,0,0.00135274065256209,0,0,0
"e56717342bd9cdf5432b2dfdf97bd36d",0,0,0,0,3.58371559633028e-05,0
"9c97a17c84664ef2bebd65a23c221c97",0,0,0.0116876792381365,0,0.00723910550458716,0
"3893ffe55ba9e41f7dfc70efd87549c8",0,0,0.000108219252204967,0,0.000430045871559633,0
"fbb63331091624520c022a2437f3ee00",0,0,0.000649315513229804,0,0,0
"758892a4af29ecfe02e49e1799ef6010",0,0,5.41096261024836e-05,0,0,0
"9dcafdc231535325d8b07ae0b024287b",0,0,0.0036253449488664,0,0,0
"47f6666b02f282263db6db15be374ca4",0,0,0,0,0.000250860091743119,0
"34a11f9c2392445d4399f08d151082da",0,0,0.00146095990476706,0,0,0
"e552322d2c236b5ab582d72a515830cb",0,0,0.000108219252204967,0,0.000215022935779817,0
"9cf664bbae1c7766eb309a312aa3b7c0",0,0,0.00124452140035712,0,0,0
"b74c6af741840917d32597153527b6ea",0,0,0,0,0.000430045871559633,0
"310d8807876df0eb0e307307de5dda3f",0,0,0.000378767382717385,0,0,0
"5302b88d86d88e2e4823d5eca67ee50a",0,0,0.000757534765434771,0,0,0
"b9577ed146eec29ee34e66cf08269118",0,0,0,0,7.16743119266055e-05,0
"534da7a6f310972951ebd05a7b363bce",0,0,0.000270548130512418,0,0,0
"e02385f0f59e19807670e71681aecd75",0,0,0,0,0.000860091743119266,0
"d27f91eca4066ce97b89e8ce0ae5f964",0,0,0.00135274065256209,0,0.00383457568807339,0.000691844375712193
"6b102ca921be9dafe861f5079bf5ae71",0,0,0.000811644391537254,0,0,0
"95cdfe8d9aa4aa83f3fddee6e56093a4",0,0,0,0,0.000609231651376147,0
"231a5fa2b1c0d312769ab43ed4360646",0,0,0.000162328878307451,0,0,0
"3baa826f8796151455d29cf5ab53da28",0,0,0.000108219252204967,0,0,0
"bd3adfa71ac15185427fa54f07e7629c",0,0,0.00113630214815216,0,0,0
"d35272132a0d7af7d1f4e622c763e28f",0,0,0.000324657756614902,0,0,0
"8e7a7da904d3b05fc5dcccf90de9f216",0,0,0.00324657756614902,0,0,0
"60d88d7d55c6a0315ab1a7311719e994",0.016852146263911,0,0.000162328878307451,0,0,0
"732171de6e5ef0ed0a5b6b3fbd090bfd",0,0,0.00211027541799686,0,0.0163059059633028,0
"4e7ed48faad7fa26a8e0c18f01ccc1bf",0,0,0,0,0.00383457568807339,0
"0ba0fa9cb3448f6b8eac8fa04d6407bc",0,0,0,0,0.000107511467889908,0
"41f41bc11a08d91e7592633046638d94",0,0,0.000216438504409935,0,0,0
"33114f7fd867c26d20eca8871e1edddb",0,0,0,0,0,0.000610450919746052
"c4a1cafe32aad9aea9192b34d4aa04d9",0,0,0,0,0.000430045871559633,0
"9884e89cea9636a668885b5897cbf1c7",0,0,0.000216438504409935,0,0,0
"94cbad669ab634be7dc63f2c2d72ea66",0,0,0.000162328878307451,0,0,0
"1743638b7b506a47c126901e2101566c",0,0,0.000216438504409935,0,0,0
"69990d75b702b5cc3e29ef0b018b128f",0,0,0,0,0.000430045871559633,0
"464afd1028bc79683f1ad605dbc67eb9",0,0,0,0,0.00103927752293578,0
"4ce7993b4b5c39c1b45c419d1b113e32",0,0,0.00102808289594719,0,0,0
"c158bfe745983af00efa5290cdd3ca48",0,0,0,0,0.000215022935779817,0
"8a2fb25c8a7dce02b25b991fbc922c52",0,0,0.000216438504409935,0,0,0
"459122ae49ccedcd0ed31fad8e3364b7",0,0,0,0,0.000931766055045872,0
"b1727369d2ca4be131991c84a467da66",0,0,0,0,0.00211439220183486,0
"9e02b813ef01bb204573b4d80f86e773",0,0,0.000216438504409935,0,0,0
"82e27bd18a57dc2312bb0be288c591a6",0,0,0,0,0.000215022935779817,0
"9f068f8a7a152cb80ced2ee2dc037641",0,0,0.000270548130512418,0,0,0
"961199047d07bb8736625a65f209ecaa",0,0,0,0,0.000322534403669725,0
"f2bf9302157fbe96955139dda0dc49e8",0,0,0.000811644391537254,0,0.000358371559633028,0
"845aedc5b04b6f53c63614d96c5ff55a",0,0,0.000270548130512418,0,0,0
"22c04b0ad6ef43855d606a3095fb1ec9",0,0,0.000216438504409935,0,0,0
"a5ccaae8f2227290a5e932a0f1e3f0fc",0.00922098569157393,0,0.000216438504409935,0,0.0026161123853211,0
"3d13967742f59a052a8510d26d342021",0,0,0.000432877008819869,0,0,0
"ad6408f13dd50e0a4e6f6622eb661edc",0,0,0.000216438504409935,0,0,0
"0c6f8ba4e9db2352e3abd801ed9bc1f1",0,0,0.000216438504409935,0,0,0
"6596c7ffc1bffa54e7f5646ce4d79f4a",0,0,0,0,0.000143348623853211,0
"59504aa15254ca748dbe75c91640d59b",0,0,0.000649315513229804,0,0,0
"2f0ab7783bdd33c911b6ac60a378433c",0,0,0.00156917915697203,0,0,0
"c148ba2553e8611b09af3f4a67d3f4d7",0,0,0,0,0.00114678899082569,0
"c16049fa23832e4f3cbd9b8672b2c53a",0,0,0.000541096261024836,0,0,0
"b4996713aacb92d2485db4243afa2f47",0,0,0.00119041177425464,0,0,0
"ae57ca35f23785ea9354d2764a91a77e",0,0,0,0,0.000680905963302752,0
"48a0a4a850fc2567065a20edfa888f82",0,0.000200160128102482,0,0,0,0
"1941dd817dc7898d443da9730d1a038f",0,0,0,0,0.000250860091743119,0
"5d293a0b7c2342f08f4f68500749f673",0,0,0,0.142374416498293,3.58371559633028e-05,8.13934559661403e-05
"439a17dde10780fc188e0fdd3d8bf041",0,0,0,0,0.000286697247706422,0
"b2a5a41cb17d536d36465b31acffec11",0,0,0,0,0.000358371559633028,0
"804f68585d17efbef24557293381f00b",0,0,0,0,7.16743119266055e-05,0
"106c11aa9fb9c4bf1cb2f6995c8d91e0",0,0,0.000162328878307451,0,0,0
"1a39d7d02dbb5acfa2c1818285861962",0,0,5.41096261024836e-05,0,0,0
"238cfbaba4be1e0abc61b37dce6dbb12",0,0,0,0,0.000537557339449541,0
"599b270270921a14bd885f5b87da87af",0,0,0.000270548130512418,0,0,0
"f2ddccf69492f26b8022cc0d68c76fda",0,0,0,0,0.00143348623853211,0
"fbbae44d0be6fbb8c6b1d3221a6bacd1",0,0,0.000703425139332287,0,0,0
"6a3f69f7b72392ad349cc4d78533ef10",0,0,0.000270548130512418,0,0.000179185779816514,0
"05470750a002f84e76bc41cc7f181ab0",0,0,0,0,0.000143348623853211,0
"f14d1f37336dba20e035cfc6d4b91dc0",0,0,0.00259726205291921,0,0.000573394495412844,0
"fa72236e4181a1673a1219c45d50ee18",0,0,0.000324657756614902,0,0,0
"01a67eea68181d4a9180184cc3075d9c",0,0,0,0,0.000752580275229358,0
"d2da343e2c0cfdc3d4d88d834acb4520",0,0,0.00914452681131973,0,0,0
"c33be29841cb9522addf9caad3bbe41a",0,0,5.41096261024836e-05,0,0,0
"860e55c78ef5b28327a012e4dc77e178",0,0,0,0,0.000286697247706422,0
"9d6f6d6afb56703b6aab6635dbe50b9d",0,0,0.000108219252204967,0,0,0
"1ee56de2a8db21fe7a03d3b46fd7537e",0,0,0.00108219252204967,0,0,0
"de42ee1d18bb88cbe85c408796ce8c83",0,0,0.00129863102645961,0,0,0
"2906c89c9d181f1e5e4c049eb5459204",0,0,0,0,0.000430045871559633,0
"432848ebd019217a6cebb911b542ad9e",0,0,0.000973973269844705,0,0,0
"5a539ace8b28b586d2a74466e886c237",0,0,0.000108219252204967,0,0,0
"f154f45d85e6487916f217a34ed7a87e",0,0.00637176407792901,0,0,0,0
"843b83340dff11e6b0876289b0411d81",0,0,0,0,0.000250860091743119,0
"0fdf44c09401a6749c150e77951bf966",0,0,0.00113630214815216,0,0,0
"fdd04ea20a6d0d82521b4d3199974dc4",0,0,0.000432877008819869,0,0.0445455848623853,0
"f2cc6e23b4a63957b42a1da087186e12",0,0,0,0,0.000107511467889908,0
"f41df196c02d364863e7f7f0c0c84772",0,0,0,0,0.000967603211009174,0
"e754452a6d4f7f1e93c3878f5740aae4",0,0,0,0,0.000645068807339449,0
"83ec8d3e39f20331505acbaf20944b0a",0,0,0,0,0.000967603211009174,0
"e7b7a5a818b18e5d580c2610697665af",0,0,0,0,0.000286697247706422,0
"564f3b547e9eab99e0c595bb3f848151",0,0,0,0,0.000143348623853211,0
"9246c0527601eede295aa752cc89e5ce",0,0,0,0,0.000286697247706422,0
"0ede3c7190a2465eee463e808f71ea3b",0,0,0.00286781018343163,0,0,0
"2144fe1a4adca17f4a71bcaff90df9a0",0,0,0,0,0.000179185779816514,0
"78da9521b081bdbc7362936606e91d10",0,0,0.00124452140035712,0,0,0
"a53e7799591c6da72599e2ac457bb5f7",0,0,0,0,0.000573394495412844,0
"00742589dce0c92ea27f3927b008782d",0,0,0.000108219252204967,0,0,0
"bbb8b78f64d817f8f4a5bb506fa8ffea",0,0,0,0,7.16743119266055e-05,0
"cbfbcbcda2e4c3a645affd530e8aa5c4",0,0,0,0,0.000537557339449541,0
"c64b552bee81919d0ddb16ec614349a4",0,0,0,0,0.000501720183486239,0
"4e748efcb51d7e59b5689916393bb912",0,0,0,0,0.00039420871559633,0
"21e7a7d0189b2ea4e514ba14848a1881",0,0,0,0,0.000286697247706422,0
"3c42e43e08c37c0fc54cc666ca58e4cd",0,0,0,0,0.000573394495412844,0
"5c29c750afde478ab0d35cce15683b04",0,0,0,0,0.000107511467889908,0
"0412e6fabc4c52ca96f8ab9fdf93d61a",0,0,0.000378767382717385,0,0.000107511467889908,0
"2007ad9d8937ccf99affe2e19076b4f2",0,0,0,0,0.00232941513761468,0
"7ed5db7e2695092633fa8f6e14696c57",0,0,0,0,0.000179185779816514,0
"79268ed828968f13bcd5661dc03a5a0c",0,0,0,0,0.000143348623853211,0
"65b43d6de83b8be06346f754fdc80868",0,0,0,0,0.00569810779816514,0
"40fd88736d314831017da22eab326830",0.00922098569157393,0,0,0,0,0
"cb5fdfe916687f252b476c7ad9728273",0,0,0,0,0.000179185779816514,0
"e94119cb7b4ce6f55a781d2f9007ce36",0,0,0.000324657756614902,0,0,0
"03052c78482ab8681d38b66042651861",0,0,0,0,7.16743119266055e-05,0
"d56062f3f8874398012ef12156a63532",0,0,0,0,0.000107511467889908,0
"8c5e8b111895cc89d9c9afb8619ffb8b",0,0,0,0,0.000716743119266055,0
"85706b66eb6f91916b488c5b185f1a74",0.000635930047694754,0,0.000108219252204967,0,0.000680905963302752,0
"5e61cd1f638dfd0531395b19037460dc",0,0,0.00367945457496889,0,0,0
"fdf4d1627f81f10d897afdc031857b0d",0,0,0.0095774038201396,0,0,0
"ac4539003519bd5862bed906bda8c6c6",0,0,0.000216438504409935,0,3.58371559633028e-05,0
"a48da1d20b3306a06e01cdb64fc68a38",0,0,0,0,7.16743119266055e-05,0
"d73aa323dd54b718dd441f73dd1bcba6",0,0,0.000649315513229804,0,0,0
"02ecaf478ea3800086e632124619f7cc",0,0,0,0,0.00354787844036697,0
"8680aabad31c0e166e4c176caa764142",0,0,0,0,0.000358371559633028,0
"4715d00a2315b24a3fcc1b66ae839a94",0,0,0.00059520588712732,0,0,0
"5df6a26a9400616395b91a8246bbeb22",0,0,0,0,0.000358371559633028,0
"1d63438033a442617dc496cf533966d6",0,0,0.00211027541799686,0,0,0
"ea39b2a76aa62d0e2c525b276b42cc9b",0,0,0,0,0.000179185779816514,0
"288d700fb885c133291cbe3bf9e1e05d",0,0,0.000324657756614902,0,0,0
"471368260ba13d810359b8a094679b8a",0,0,0,0,0.000716743119266055,0
"a65ad250635a291cbd96d7f027140170",0,0,0.00708836101942536,0,0,0
"303dbdb445c4bba3f0e75d715982085b",0,0,0,0,0.000430045871559633,0
"06c8e7ab39a09581ebeeb43ceaa49fb5",0,0,0.00270548130512418,0,0,0
"ab6cd325788121028cd6df9b9f106440",0,0,0,0,0.000143348623853211,0
"9d96e5864564ed42764f4f76615f6b7d",0,0,0,0,0.000107511467889908,0
"d625982b766d0591e22e264c370585cd",0,0,0.000270548130512418,0,0,0
"5d29150b81c2db739a9023067801c494",0,0,0,0,0.00107511467889908,0
"4eaaedc6c3f1a9a507cca5f550c39385",0,0,0,0,0.000107511467889908,0
"e79b18650156c8a261dfed4c366a30b5",0,0,0,0,0.000107511467889908,0
"e1281db14c0c91043f987b204d86fc1a",0,0,0,0,0.000107511467889908,0
"096b970b101269b500095e5da009452d",0,0,0,0,0.000788417431192661,0
"21f113a3d8528dc130403dd991eaad85",0,0,0,0,0.00107511467889908,0
"85e0dbb0e343da28682c4ca11cef1a6a",0,0,0,0,3.58371559633028e-05,0
"ff5de0b54e0935f4fa219cd377d89e39",0,0,0.000324657756614902,0,0,0
"4c3cf2b9a7f9630e307b9b648114f5ea",0,0,0,0,7.16743119266055e-05,0
"59d7e93b63c2f61dd430131a673782be",0,0,0,0,0.000107511467889908,0
"7677c8c2fac9566a0970aefa726344e9",0.000635930047694754,0,0.000324657756614902,0,0.000215022935779817,0
"630860d80a9dc35ed55113eeb8a3e761",0,0,0.000108219252204967,0,0.00462299311926606,0
"a91339dce6661f37c71026bb84058f63",0,0,0,0,0.000215022935779817,0
"d730c892d039e75478f8d0af5a76526f",0,0,0,0,0.000250860091743119,0
"47106da4e568903c88b4c7a24730f045",0,0,5.41096261024836e-05,0,7.16743119266055e-05,0
"f98b993da3386f80b25513a121f37685",0,0,0.000324657756614902,0,0.00111095183486239,0
"d6e76a433e9963def4d81203d51891ce",0,0,0.000270548130512418,0,0,0
"7867799a6cb299f4c39165cb38dc44ad",0,0,0.000108219252204967,0,0,0
"b561bfd16c3fd8d6fe90036ced8afd49",0,0,0.000108219252204967,0,0,0
"d847493d975ae562316d317a13dd9487",0,0,0.000108219252204967,0.0244896537309273,0,0
"e9ae69608a48b0abb93b2284df031efd",0,0,0,0,0.000752580275229358,0
"86c655f7082ec3614439cfeacaea4ff8",0,0,0,0,0.000179185779816514,0
"25b0dadda69a4521b2d7882db18aa2bf",0,0,0,0,0.000931766055045872,0
"3fffb91b89f86fd8458af331527f54a1",0,0,0,0,0.000179185779816514,0
"bd5b584713af1e2a1a5f76bdad8f6675",0,0,0,0,0.00229357798165138,0
"4caac9a59734c1ca7c8bee0e4f69bc4f",0,0,0.000865754017639738,0,0,0
"67e98c53d08f77cc716f1762b20db277",0.000635930047694754,0,0,0,0.000465883027522936,0
"0b6aef4c1f46409f01c79bc7c86d7b61",0,0,0,0,0.000358371559633028,0
"5f2e2ff5d24c45505cdfb2b423ffb522",0,0,0.00151506953086954,0,3.58371559633028e-05,0
"e7f4f5ef83ffebb1fa78a2978b94e2d3",0,0,0.000919863643742222,0,0,0
"6a8cd212906e0a5fd451e76aa130f625",0,0,0.00194794653968941,0,0.00118262614678899,0
"9f5ffa292be66459ba26b33d22cc6dac",0,0,0.000432877008819869,0,0,0
"21a1f6a7640028e2634b03893a3486a2",0,0,0.000378767382717385,0,0,0
"0e9d6fad15afe8f09b809ee20ff18477",0,0,0,0,0.000573394495412844,0
"9a9847f60a29ef395916a409c8ed6e32",0.00317965023847377,0,0,0,0,0
"93f9c1e1bfa111c8d99efc8550ae250b",0,0,0,0,7.16743119266055e-05,0
"8d0eb914a6b57a2484c8f54c56b40664",0,0,0,0,0.000609231651376147,0
"e8c72dad0cb61840388a37c955e72236",0,0,0,0,0.0013259747706422,0
"c2cf2a9afc931bad9118970cc6efc88d",0,0,0,0,7.16743119266055e-05,0
"8ba55ba4ae8ba5a1fab46c2c870ccfc2",0,0,0,0,0.000501720183486239,0
"fcc5d77dba3c8f1e11edd47e8050e4e4",0.00095389507154213,0,0,0,0,0
"d98dc146ecb153beb762e1cc3deff3e5",0,0,0.00611438774958065,0,0.00243692660550459,0
"2396e0a6158d7beab188dacc9a386d56",0,0,0,0,0.0013618119266055,0
"456180fc247c491a12696ede40f14f19",0,0.000266880170803309,0,0,0,0
"df0af061fcdaf2d18be00858fab4eb04",0,0,0.000757534765434771,0,0.00315366972477064,0
"4819ef4e0e069813bdab6fde52ed7086",0,0,0.00059520588712732,0,0,0
"367470117f566f28ebf8b9695db42940",0,0,0.00211027541799686,6.96718456071901e-05,0,0
"6b0b8fb53e76644d10962aa08b116233",0,0,0.00102808289594719,0,0,0
"48c9e3fd003ef0eab21deedc14177b7e",0,0,0,0,0.00114678899082569,0
"42f2505dafc6971087f2f83d1739f993",0,0,0,0,0.000215022935779817,0
"1464a4c9a1850f34a2e0a1af4b341e8f",0,0,0.000541096261024836,0,0,0
"ef6855cd973f8599db241ca41a2319ce",0,0,0.00135274065256209,0,0,0
"a06650cfd4367728f2cd52010014fa05",0,0,0,0,0.00236525229357798,0
"35364d88373b537a8590f9f0e78be7cd",0,0,0,0,0.0013259747706422,0
"b2e592eb0dcc1a97e55e3867815bb2b1",0,0,0,0,0.00379873853211009,0
"0a48099612495bceaa0a2a73fcdebcea",0.000635930047694754,0,5.41096261024836e-05,0,0,0
"e8c144b4af984feb131553f83fb3d584",0,0,0.000541096261024836,0,0,0
"bfb7ef17c91934b97d25ee358d15a848",0,0,0.000757534765434771,0,0,0
"de05307964ea91bf14943c08cddd13c2",0,0,0,0,0.000250860091743119,0
"46da0e3674071239e0552c8f2c253e5c",0,0,0.000108219252204967,0,0,0
"8c037ec02863c6d347fc51d1622212fe",0,0,0,0,7.16743119266055e-05,0
"3205eb049de17a5dfb7eb8d8732e5376",0,0,0.000216438504409935,0,0,0
"22c2270e1b741744b963637d81f14e81",0.0197138314785374,0,0.000486986634922353,0,0,0
"ff85ec706fa9b0ba40a73c8fa1afa001",0,0,0,0,0.000358371559633028,0
"5df502da9b34904ee033161fcbc458e3",0,0,0,0,0.000680905963302752,0
"19536abcc084ecabc692fe535d8970ed",0,0,0,0,0.000250860091743119,0
"2d5901be7e0787c2c8f67de059276ac8",0,0,0.000108219252204967,0,0,0
"6c8150632634bcb5d684a4a488499fa8",0,0,0,0,7.16743119266055e-05,0
"179e22f0c3d86e7534715d29b226c8fa",0,0,0.000162328878307451,0,0,0
"43faf3252e0182e1bab6abcc38918ce8",0,0,0,0,7.16743119266055e-05,0
"c870b7231c61cd5e4a353da4a318efff",0,0,0,0,0.000501720183486239,0
"68d3920fd50914a65c3a7df668716c83",0.00254372019077901,0,0,0,0,0
"ba3f3e67ed1a4e737783309bd384f04e",0,0,0.000703425139332287,0,0,0
"7b6ca5b6342f18fb03eae9f610238c39",0,0,0,0,0.000250860091743119,0
"9b33b27ef147f8bdd2e3d6c689bcbee8",0,0,0,0.000104507768410785,0,0
"f6218d935403774e99628c0f2f54af87",0,0,0.00622260700178562,0,0,0
"6785cc984c79ed437f15fbdda45e569f",0,0,0.000162328878307451,0,0,0
"80dd390599793b224b6f28d736b85e6d",0,0,0,0,0.000860091743119266,0
"632cf57961e36925ba0bcc26e66afbb7",0.170429252782194,0,0,0,0.000573394495412844,0
"95af898ea423179ed88913d2767b00cf",0,0,0.000270548130512418,0,0,0
"c381afc718b784b77df05d5341353e87",0,0,0.000108219252204967,0,0,0
"14acdf2492b169617165cfacfceb5680",0,0,0.000216438504409935,0,0,0
"26c31dd7ee1adeeaad7a515fd4f27757",0,0,0.000486986634922353,0,0,0
"ef46ff9dfb15871c29b74763eff481cb",0,0,0.000649315513229804,0,0.000179185779816514,0
"01cc1404ee6e70950871d2b88fba3555",0,0,0.000270548130512418,0,0,0
"94f0c3b80f89d462b326f5e31306ef91",0,0,0,0,0.000752580275229358,0
"e11723b2ac8b7f19e53af87c2311b72d",0,0,0,0,0.000215022935779817,0
"0a907da227b0027656ad75d583fa8ef4",0,0,0,0,0.000824254587155963,0
"2d4cb1f509836232a9a525c0f72e1566",0,0,0.000486986634922353,0,0,0
"53674162fd8fb67807bd26e5a2ecca49",0,0,0,0,0.00211439220183486,0
"57ae8da08ea914c13e20c7c10c7f1dd6",0,0,0,0,3.58371559633028e-05,0
"1ebc3e99af5f6b061f350dc9eabf4e9a",0,0,0.00146095990476706,0,0,0
"a8152f652679ca370b018827797e52ea",0,0,0.000216438504409935,0,0,0
"250cd185ba1772bdd884fd215bc2a9ba",0,0,0.000486986634922353,0,0.000286697247706422,0
"00470fe6b603970bbeacfa164eb3e5f7",0,0,0.000108219252204967,0,0,0
"2baf93d839bef350d2ea164b88fce422",0,0,0.000324657756614902,0,0,0
"13bc19a4e7a3c8c9d9b7164cb0d873dc",0,0,0,0,0.0013618119266055,0
"a60149f37caa962e8148162012d46988",0,0,0,0,0.000788417431192661,0
"e99be6911a6394be10ce31bc48ae7c32",0,0,0,0,0.00154099770642202,0
"84e41c0939ba5cf80cbd379938198459",0,0,0,0,0.00154099770642202,0
"df4b9ed953b762f3d7f71ca938933c69",0,0,0,0,0.000358371559633028,0
"ae868556a9c0d0aefcdd9a772aa4d32c",0,0,0,0,0.000788417431192661,0
"47709f6e347a2a85b4c2b2ca354759dc",0,0,0.000108219252204967,0,0,0
"a5b93a3a3545673c58633bfd19e8473e",0,0,0,0,7.16743119266055e-05,0
"e844b0c7118451cc0b87d8483f6cafdd",0,0,0.000324657756614902,0,0,0
"227c3dc0d8f15cc1ede907d70825d41a",0,0,0,0,0.000430045871559633,0.00012209018394921
"06b8a55e184ad9dd17c0c8239442ee48",0,0,0.00156917915697203,0,7.16743119266055e-05,0
"6411c1934568ee0ccf119fd4b426e1b6",0,0,0.000162328878307451,0,0,0
"7e1ce9fb3226f1ffd54f6ae5eb9966d9",0,0,0,0,0.000788417431192661,0
"c54172382ca1e7d259314e1eba46c4b2",0,0,0,0,0.000824254587155963,0
"abb241acedbf7ce43e1aedfd3e08d310",0,0,0,0,0.00175602064220183,0
"bf8162b9ed0d1a552b545dceef2f6231",0,0,0,0,0.000322534403669725,0
"ca84c4b4fb9cd6240a7011c0d6d425ac",0,0,0,0,0.000358371559633028,0
"eae308dbdae89379d3c1305b20a66417",0,0,0.000108219252204967,0,0,0
"ec4dcd0a41bc47a03dfbe4e91db197cf",0,0,0,0,0.00232941513761468,0
"f7170ecf34f1e65afc576aea859bcb84",0.000635930047694754,0,0,0,0,0
"afca6c3589ada317c433d5ccbeab552f",0,0,0.000108219252204967,0,0,0
"d9282e190b81e13278e7ecf6f7ce9d51",0,0,0,0,0.00404959862385321,0
"d0ddae171fd7ba2610ca258981554eaa",0,0,0,0,0.000250860091743119,0
"6b24da8d5156a0c63dfc58ad39c96b83",0,0,0.000703425139332287,0,0,0
"019861b23455ebe165a0ab638e02014d",0,0,0.00167739840917699,0,0,0
"02977aee8ba2cfc61d5f2e7ee4dc9e9f",0,0,0,0,0.000573394495412844,0
"02adf26f6c66fdfec12d613a70d45809",0,0,0.000270548130512418,0,0.000860091743119266,0
"19fff101d9593072347a74641719a691",0,0,0.000486986634922353,0,0,0
"d8943aac91905765cc711a5a7c145de5",0,0,0.00476164709701856,0,0,0
"da79ecebf7e6517d95f88f5d4e02cce3",0,0,0.000486986634922353,0,0,0
"d863f1f3e182832d6952ef508f00e91b",0,0,0,0,0.00039420871559633,0
"a19a73d4ca328fd963dc2fcac87d7d8c",0,0,5.41096261024836e-05,0,0,0
"f8d56983d1b919c612164c8da1d87eed",0.0499205087440381,0,0,0,0,0
"672128a9613266cf7242587db98e2b3a",0,0,0,0,0.000430045871559633,0
"dca9532f4b8eb827259ecb3746348529",0,0,0.00059520588712732,0,7.16743119266055e-05,0
"ead911efae5ab309ef85f4457292ad72",0,0,0.000216438504409935,0,0,0
"7516834c4be49a75efff38e469de9205",0,0,0,0,0.000286697247706422,0
"f83b1f2ac1c6ebd62635b62b8bda189a",0,0,0,0,0.000501720183486239,0
"d883ed0b6c03cd0a6f5190e1350acb34",0,0,0.000216438504409935,0,0,0
"5ea9a770ec7d38f045f231f9abc71972",0,0,0,0,7.16743119266055e-05,0
"616158621d1630dad6987c7a2badf7ae",0,0,0.000108219252204967,0,0,0
"eb83076b8c4d8d70eac2aae04d010226",0,0,0.000541096261024836,0,0,0
"1651f8261846cee5f01f930c6b8f7cb9",0,0,0,0,0.000358371559633028,0
"575d7ff4223bf03e75fae13e232d4d7b",0,0,0,0,7.16743119266055e-05,0
"406c64e95ea4aa58e06e1fb6e9ce5636",0,0,0.000108219252204967,0,0,0
"262bf4a58bb5aa02b953ef57f2cf8dc8",0.00158982511923688,0,0,0,0,0
"b4aca1b635a925e3f9ecd984636dd736",0,0,0,0,0.000860091743119266,0
"94436d265d444985e05151d9c9b10426",0,0,0.000919863643742222,0,0,0
"f54eeb8922e4fb1d3c8a455ced10e9e0",0,0,0,0,0.000107511467889908,0
"6485a73bef2dded1954cb6fa1167c9de",0,0,0,0,7.16743119266055e-05,0
"9d5b4795f070e83121377c738f77fe38",0,0,0,0,0.00039420871559633,0
"432114ca68761f1c021d1cc8d62832d7",0,0,0.000649315513229804,0,0,0
"10d245209b9832768e1454c745f6a128",0,0,0,0,0.000322534403669725,0
"dcdabe069e7947978a5b1d7488922192",0,0,0.000378767382717385,0,0,0
"8e4e7696729903839a72c64d3a1fcb46",0,0,0.000432877008819869,0,0,0
"6c375bf9efa6e16107fbbc5b397f1303",0,0,5.41096261024836e-05,0,0.000967603211009174,0
"ea64f07fc9fe187ed0defc31b854bd84",0,0,0,0,0.000143348623853211,0
"b2e6cac356341ed500e9a7f6961c8cea",0,0,0.000378767382717385,0,0,0
"a3b608795a3c4a4a67f85804abbc5122",0,0,0,0,7.16743119266055e-05,0
"cc27b6e0a23960ec7b81f80364972214",0,0,0,0,0.00039420871559633,0
"b5a379290781a9eea02c9e5641b2bf33",0,0,0.000865754017639738,0,0,0
"acc4ec11f23637518f256d1a2fad7234",0,0,0,0,0.000465883027522936,0
"782e9b37fe00b394f9c60bc21acd0137",0,0,0,0,0.000573394495412844,0
"19ed1be1b60e392784f5fe1346913cbd",0,0,0,0,0.000250860091743119,0
"7eb9d0828d8e8dd9707f1a825460f8a6",0,0,0,0,0.000143348623853211,0
"83f88c4b1b092aa84aab683ee553c7d0",0,0,0.000216438504409935,0,0,0
"7923fc8ae889432ef9d038bb7a893ba3",0,0,0.000162328878307451,0,0,0
"47ec7470a06454791db9c07b94d78a33",0,0,0.000162328878307451,0,0,0
"3ccc00baa149c5390603cbf6c0ac039f",0,0,0,0,0.000358371559633028,0
"d49dc09fb2675dcd6a3b9bfa5b53b93d",0,0,0.00167739840917699,0,0,0
"47e8be5249dea3deaa53d7265b3ebc55",0,0,0,0,0.000609231651376147,0
"ae601ef4b565e99785ee4f0e71ed941f",0,0,0,0.000418031073643141,0,0
"c3576ae8634ed45c8cc55df909d40054",0.0289348171701113,0,0,0,0,0
"92f45f614f06d1b5c93cf9369b40c7c9",0,0,0,0,0.000824254587155963,0
"71c75e3dcc04a01c0ed02d3b7414e873",0,0,0.000541096261024836,0,0,0
"640ee9fdba3959eaa6855ce59566adf2",0,0,0.000108219252204967,0,0,0
"6041278998aea64a697f594f6da8055d",0,0,0,0,0.000573394495412844,0
"7101141e196e52377736e5771bc69741",0,0,0.00389589307937882,0,0.00838589449541285,0
"134d335923e93f7724c5bfa57b0868e8",0,0,0,0,0.000250860091743119,0
"15ef796384d39420183d0c7f54cc3aaf",0,0,0,0,0.000537557339449541,0
"5c606683d76e8a2f0c48afbb78bca930",0,0,0,0,0.000250860091743119,0
"75ce239820256fc55d875d7ed67da5c2",0,0,0,0,0.000430045871559633,0
"06a85b4b29debe581b8661543fb308f4",0,0,0,0,0.000752580275229358,0
"23dda47fb9ec8e5a9294338f2fcf6846",0,0,0,0,0.00207855504587156,0
"0cdf6e4fcef32eec6960582847e94cc5",0,0,0.000649315513229804,0,0,0
"515a1e355e1dfdb474ff3e8d2e0a34af",0,0,0.000486986634922353,0,0,0
"14d8f839cfde5f1b974be363b574dd3d",0,0,0.00059520588712732,0,0.000895928899082569,0
"a482bcaa1a485c775a4bc98131419b43",0,0,0.00129863102645961,0,0.00275946100917431,0
"1458f9aaae7589b26ee3906835304242",0,0,0.000324657756614902,0,0.000215022935779817,0
"4fa3723ccf2edfabc0bcc72249bcbe50",0,0,0.000865754017639738,0,0,0
"7770fd983d68bde6893413c4ade89bdf",0,0,0,0,0.00218606651376147,0
"67c78f4366a9321285fec1fcd4524320",0,0,0.00113630214815216,0,0.00835005733944954,0
"02d9833348e4f7941e878d7ed57d49b2",0,0,0.000324657756614902,0,0,0
"a2e3f32dcd47dced6b11024175c6b85a",0,0,0.00211027541799686,0,0,0
"a3b491901185af700cb7b3ea951798ca",0,0,0,0,0.000250860091743119,0
"bb6910ff461ac8055b9371d5129db2cf",0,0,0.000324657756614902,0,0,0
"149d6dbbfae67df3a690240ddb6597b4",0,0,0,0,0.0174885321100917,0
"2e16ea876ec150ec19b7964ec59c8baf",0,0,0,0,0.000967603211009174,0
"e741976bdace30a3e48f162fe3b20222",0,0,0,0,0.000215022935779817,0
"397486214b4aaaddc9c5a600009213bd",0,0,0,0,0.000143348623853211,0
"a10686ad88b8832c443ca5a80b4f4bce",0,0,0.000108219252204967,0,0,0
"9d7b6866ddaf33cb6d8ae7715d44f90c",0,0,0,0,0.000465883027522936,0
"70036b258e8090f96597b6dcfa908ffe",0,0,0,0,3.58371559633028e-05,0
"50f83a2af9aa77805304d40870334e89",0,0,0.000432877008819869,0,0,0
"8421bb81467ae7edcdcb29225d712d97",0,0,0.000324657756614902,0,0,0
"f604ad90e4f353eae08fd1618490c27f",0,0,0,0,7.16743119266055e-05,0
"69be9d76840dd1b92aed851e245f0ae0",0,0,0.00059520588712732,0,0,0
"6675c27c85b23121498d6b15016e9649",0,0,0.000649315513229804,0,7.16743119266055e-05,0
"6fd870861197824d3ff34b3da1f2148f",0,0,0,0,0.000215022935779817,0
"c9597b76dc0cbd03b5a57acd701df579",0,0,0.000162328878307451,0,0,0
"33e971cb5d46e1250b9ef7fe82c89ab5",0,0,0,0,0.000250860091743119,0
"0d23d485b6b9bd2ff3519bbc312d85cb",0,0,0.000108219252204967,0,0,0
"3c875c6f9a2ea463f6f1f22b10801435",0,0,0,0,0.000752580275229358,0
"c3004ee2805cd29794a8179b9ba53786",0,0,0.000108219252204967,0,0,0
"b0457a52b18cdff39c7125fb3b3913eb",0,0,0.00200205616579189,0,7.16743119266055e-05,0
"dcb0fbc3a58baf5e3530286338cb8b8b",0,0,0.000811644391537254,0,0,0
"0e2f67d6f45da82cdf206a22f81bbec6",0,0,0.000757534765434771,0,0,0
"336f5e55faffabe6e1e518c19ff4cc41",0,0,0.000541096261024836,0,0,0
"fcd751eb0563b1b8546f97d242d4c6fb",0,0,0,0,0,4.06967279830702e-05
"3fd8b6875f79adace9b7ec9eeb7b878b",0,0,0.000703425139332287,0,0,0
"500ee7779dd3b14147d6b29421bc239a",0,0,0.00167739840917699,0,0.00361955275229358,0
"11c014ba23972a2816eb355c7253a7e4",0,0,0.000270548130512418,0,0,0
"47a5e6f64a4892d50092d69cdefb0247",0,0,0,0,0.00584145642201835,0
"284ec8e11e7c4782e3b2dfaba0ec02ba",0,0,0.000703425139332287,0,0,0
"7dfe2bbd6ff2f4f24b36de107371bf32",0,0,0,0,0.000143348623853211,0
"b2d7760b482fec8343c5458202defceb",0,0,0.000162328878307451,0,0,0
"1e71d3552a445ffb06389411cdc694b9",0,0,0,0,0.000107511467889908,0
"a219908677328e0092907b8864ca0223",0,0,0,0,0.00340452981651376,0
"a15478a71b4696e0f7e119b23f91aef8",0.00635930047694754,0,0,0,0,0
"33ad0c43b28e8ac6a6cc6bbef6ffcf47",0,0,0,0,0.00107511467889908,0
"3a41b815a4f1560c7ad5382a778c000f",0,0,0.00178561766138196,0,0,0
"f359d6b12d6df77fce3684238719e6c2",0,0,0.00124452140035712,0,0.000322534403669725,0
"7704e19326f0035cab48290ea58809a7",0,0,0,0,0.000465883027522936,0
"8c1a0c89d639d7b0988544642d908411",0,0,0,0,0.000179185779816514,0
"5fc5ee1636bc3c2dd7fb41006a8d1a45",0,0,0.000324657756614902,0,0,0
"2569b4c4cad75aecc852532bc6bd3c10",0,0,0.000162328878307451,0,0.00186353211009174,0
"a3cf90499dde7d42f973671dd5eb4928",0,0,0,0,0.000143348623853211,0
"dbd02b16615f0a7c8c810220d9f9261f",0,0,0,0,0.00121846330275229,0
"fddb4528f41635a7c2b265fa4467dd25",0,0,0.00211027541799686,0,0,0
"6c5ef0b4a1dcf86b8d9e1ddc5512198f",0,0,0.00151506953086954,0,0,0
"60c212eba52623370aedf623e0b26661",0,0,0.000324657756614902,0,0,0
"83fb36cead5c3e0f2df74e82178bec72",0,0,0,0,0.000895928899082569,0
"8f1865af90cd34e065b994b04d797067",0,0,0.000649315513229804,0,0.000788417431192661,0
"03958357771f9a7863b54a120541e719",0,0,0.000703425139332287,0,0,0
"0e1dfb5f63c2f35289a0dfc75a7ff458",0,0,0.000270548130512418,0,0,0
"55439592b272ac6727802a6b1055fc9f",0,0,0.00135274065256209,0,0,0
"69282f90eb7cd6c4674aeaa28588aeb0",0,0,0.00238082354850928,0,0,0
"e1675074cc97fb7855f13f9ac5f0c460",0,0,0.00119041177425464,0,0,0
"906205039a34d35e852bb064903aa2c5",0,0,0.00622260700178562,0,0.00211439220183486,0
"3c2d07a0027b1e218ba04d787152b160",0,0,0.000108219252204967,0,0.00627150229357798,0
"8a19cf1e3e23fd19b0731fa61ffb9ca5",0,0,0,0,0.000143348623853211,0
