roi,image,plate,area,meangray,perim,circ,areafraction,AR,round,solidity,red,green,blue
1,DSC_1066_plate1.JPG,1,4595,75.345,359.647,0.446,0,1.422,0.703,0.872,254.793,0.184,0.142
2,DSC_1066_plate1.JPG,1,175,82.76,53.941,0.756,0,1.173,0.853,0.877,245.417,3.897,3.063
3,DSC_1066_plate1.JPG,1,941,68.393,188.208,0.334,0,1.086,0.92,0.713,254.717,0.254,0.186
4,DSC_1066_plate1.JPG,1,712,78.351,189.037,0.25,0,1.451,0.689,0.712,251.271,1.445,1.236
5,DSC_1066_plate1.JPG,1,2940,62.21,243.179,0.625,0,1.786,0.56,0.894,255,0,0
6,DSC_1066_plate1.JPG,1,556,90.288,111.782,0.559,0,1.424,0.702,0.839,255,0,0
7,DSC_1066_plate1.JPG,1,1094,76.89,170.652,0.472,0,1.417,0.706,0.779,253.551,1.132,0.919
8,DSC_1066_plate1.JPG,1,113,87.274,82.184,0.21,0,4.341,0.23,0.592,255,0,0
9,DSC_1066_plate1.JPG,1,172,97.192,57.355,0.657,0,1.466,0.682,0.808,255,0,0
10,DSC_1066_plate1.JPG,1,2133,77.715,267.463,0.375,0,1.649,0.606,0.805,253.778,1.158,0.684
11,DSC_1066_plate1.JPG,1,2451,74.491,303.061,0.335,0,1.678,0.596,0.768,254.472,0.482,0.379
12,DSC_1066_plate1.JPG,1,2517,69.151,276.291,0.414,0,1.811,0.552,0.809,253.28,1.608,0.995
13,DSC_1066_plate1.JPG,1,2154,76.011,208.936,0.62,0,1.483,0.675,0.913,254.687,0.284,0.159
14,DSC_1066_plate1.JPG,1,782,95.22,154.309,0.413,0,1.156,0.865,0.801,251.641,2.125,1.776
15,DSC_1066_plate1.JPG,1,1238,81.405,174.894,0.509,0,1.993,0.502,0.85,254.044,0.866,0.685
16,DSC_1066_plate1.JPG,1,1035,73.645,161.924,0.496,0,1.657,0.604,0.83,255,0,0
17,DSC_1066_plate1.JPG,1,790,88.397,167.723,0.353,0,1.937,0.516,0.752,255,0,0
18,DSC_1066_plate1.JPG,1,1605,97.622,216.492,0.43,0,1.912,0.523,0.824,253.584,1.23,0.86
19,DSC_1066_plate1.JPG,1,155,104.826,81.497,0.293,0,1.639,0.61,0.602,250.09,3.697,3.135
20,DSC_1066_plate1.JPG,1,1455,90.284,178.652,0.573,0,1.551,0.645,0.864,255,0,0
21,DSC_1066_plate1.JPG,1,114,104.605,66.326,0.326,0,1.601,0.625,0.62,255,0,0
22,DSC_1066_plate1.JPG,1,1431,95.602,195.966,0.468,0,1.207,0.829,0.865,254.315,0.596,0.444
23,DSC_1066_plate1.JPG,1,2905,73.129,228.936,0.697,0,1.748,0.572,0.936,255,0,0
24,DSC_1066_plate1.JPG,1,2833,72.246,259.806,0.527,0,1.519,0.658,0.845,255,0,0
25,DSC_1066_plate1.JPG,1,1803,81.813,173.924,0.749,0,1.554,0.643,0.953,255,0,0
26,DSC_1066_plate1.JPG,1,623,96.254,116.468,0.577,0,1.575,0.635,0.814,255,0,0
27,DSC_1066_plate1.JPG,1,2621,76.838,313.12,0.336,0,1.854,0.539,0.793,254.837,0.14,0.081
28,DSC_1066_plate1.JPG,1,164,103.524,68.326,0.441,0,1.175,0.851,0.735,254.183,0.701,0.604
29,DSC_1066_plate1.JPG,1,1589,67.853,183.48,0.593,0,1.602,0.624,0.887,254.833,0.149,0.086
30,DSC_1066_plate1.JPG,1,369,97.911,107.882,0.398,0,1.409,0.71,0.731,255,0,0
31,DSC_1066_plate1.JPG,1,1618,75.197,215.037,0.44,0,1.504,0.665,0.735,255,0,0
32,DSC_1066_plate1.JPG,1,145,83.51,161.622,0.07,0,17.671,0.057,0.398,255,0,0
33,DSC_1066_plate1.JPG,1,1281,83.531,149.924,0.716,0,1.189,0.841,0.911,255,0,0
34,DSC_1066_plate1.JPG,1,799,92.887,127.196,0.621,0,1.67,0.599,0.852,254.829,0.151,0.118
35,DSC_1066_plate1.JPG,1,152,77.388,170.87,0.065,0,34.896,0.029,0.629,255,0,0
36,DSC_1066_plate1.JPG,1,137,81.876,122.042,0.116,0,20.57,0.049,0.797,255,0,0
1,DSC_1065_plate2.JPG,2,623,84.819,158.652,0.311,0,1.242,0.805,0.637,253.591,0.637,0.541
2,DSC_1065_plate2.JPG,2,1229,75.942,172.894,0.517,0,1.516,0.66,0.858,255,0,0
3,DSC_1065_plate2.JPG,2,3204,67.195,285.706,0.493,0,1.391,0.719,0.895,254.958,0.038,0.019
4,DSC_1065_plate2.JPG,2,3160,67.511,284.978,0.489,0,1.546,0.647,0.883,254.737,0.233,0.09
5,DSC_1065_plate2.JPG,2,2184,82.553,208.593,0.631,0,1.653,0.605,0.91,254.799,0.152,0.13
6,DSC_1065_plate2.JPG,2,2321,78.135,235.664,0.525,0,1.298,0.771,0.829,254.682,0.232,0.195
7,DSC_1065_plate2.JPG,2,1024,92.429,159.238,0.507,0,1.726,0.579,0.833,254.72,0.236,0.184
8,DSC_1065_plate2.JPG,2,773,85.318,130.225,0.573,0,1.898,0.527,0.798,254.608,0.27,0.229
9,DSC_1065_plate2.JPG,2,2584,80.86,237.421,0.576,0,1.821,0.549,0.895,255,0,0
10,DSC_1065_plate2.JPG,2,341,91.267,101.054,0.42,0,1.559,0.641,0.75,252.428,1.349,1.147
11,DSC_1065_plate2.JPG,2,1508,72.952,176.309,0.61,0,1.788,0.559,0.892,254.822,0.154,0.113
12,DSC_1065_plate2.JPG,2,521,82.885,89.74,0.813,0,1.39,0.72,0.93,255,0,0
13,DSC_1065_plate2.JPG,2,478,85.682,101.882,0.579,0,1.472,0.679,0.849,254.395,0.446,0.395
14,DSC_1065_plate2.JPG,2,631,75.076,109.154,0.666,0,1.188,0.842,0.889,255,0,0
15,DSC_1065_plate2.JPG,2,1180,93.463,181.865,0.448,0,1.893,0.528,0.811,254.269,0.637,0.446
16,DSC_1065_plate2.JPG,2,2532,85.811,347.789,0.263,0,2.092,0.478,0.798,254.547,0.276,0.225
17,DSC_1065_plate2.JPG,2,2084,80.459,236.007,0.47,0,1.608,0.622,0.809,254.933,0.058,0.029
18,DSC_1065_plate2.JPG,2,2899,82.594,302.818,0.397,0,1.957,0.511,0.793,254.223,0.754,0.537
19,DSC_1065_plate2.JPG,2,2939,87.132,329.446,0.34,0,2.333,0.429,0.841,250.228,4.258,2.442
20,DSC_1065_plate2.JPG,2,733,71.869,129.681,0.548,0,1.229,0.814,0.831,254.817,0.158,0.128
21,DSC_1065_plate2.JPG,2,112,105.518,58.426,0.412,0,3.28,0.305,0.673,255,0,0
22,DSC_1065_plate2.JPG,2,133,102.368,66.669,0.376,0,1.477,0.677,0.591,252.985,1.774,1.504
23,DSC_1065_plate2.JPG,2,2872,89.862,463.085,0.168,0,3.096,0.323,0.622,254.169,0.753,0.545
24,DSC_1065_plate2.JPG,2,658,90.005,169.723,0.287,0,1.166,0.858,0.775,245.123,9.044,3.498
25,DSC_1065_plate2.JPG,2,121,104.909,86.569,0.203,0,1.923,0.52,0.533,255,0,0
26,DSC_1065_plate2.JPG,2,4821,73.33,354.333,0.483,0,1.349,0.741,0.878,254.655,0.303,0.179
27,DSC_1065_plate2.JPG,2,2820,81.223,251.179,0.562,0,2.025,0.494,0.879,254.759,0.22,0.143
28,DSC_1065_plate2.JPG,2,3382,67.035,324.818,0.403,0,1.315,0.76,0.735,254.96,0.035,0.008
29,DSC_1065_plate2.JPG,2,319,78.317,73.497,0.742,0,1.743,0.574,0.887,255,0,0
30,DSC_1065_plate2.JPG,2,806,82.579,122.953,0.67,0,1.801,0.555,0.896,255,0,0
31,DSC_1065_plate2.JPG,2,307,89.156,76.083,0.666,0,1.297,0.771,0.814,255,0,0
32,DSC_1065_plate2.JPG,2,108,105.528,75.497,0.238,0,3.575,0.28,0.637,255,0,0
33,DSC_1065_plate2.JPG,2,130,88.646,93.841,0.186,0,2.448,0.409,0.57,247.008,4.238,4.654
34,DSC_1065_plate2.JPG,2,209,62.627,163.983,0.098,0,18.211,0.055,0.517,255,0,0
35,DSC_1065_plate2.JPG,2,217,61.014,180.125,0.084,0,21.989,0.045,0.644,254.272,0.429,0.378
36,DSC_1065_plate2.JPG,2,103,68.417,107.698,0.112,0,18.22,0.055,0.606,255,0,0
37,DSC_1065_plate2.JPG,2,215,88.581,284.326,0.033,0,60.212,0.017,0.505,255,0,0
38,DSC_1065_plate2.JPG,2,337,75.326,374.125,0.03,0,72.728,0.014,0.538,255,0,0
1,DSC_1064_plate3.JPG,3,8011,64.763,1088.389,0.085,0,4.264,0.235,0.237,254.987,0.018,0.012
2,DSC_1064_plate3.JPG,3,4085,62.089,275.907,0.674,0,1.877,0.533,0.912,255,0,0
3,DSC_1064_plate3.JPG,3,994,77.375,153.238,0.532,0,1.136,0.881,0.87,254.645,0.184,0.134
4,DSC_1064_plate3.JPG,3,2317,61.511,203.137,0.706,0,1.809,0.553,0.909,255,0,0
5,DSC_1064_plate3.JPG,3,1968,69.923,201.279,0.61,0,1.414,0.707,0.895,253.59,0.721,0.535
6,DSC_1064_plate3.JPG,3,768,62.742,109.64,0.803,0,1.438,0.695,0.924,255,0,0
7,DSC_1064_plate3.JPG,3,760,65.538,125.782,0.604,0,1.919,0.521,0.851,255,0,0
8,DSC_1064_plate3.JPG,3,268,115.522,182.35,0.101,0,21.367,0.047,0.618,255,0,0
9,DSC_1064_plate3.JPG,3,4141,72.192,384.96,0.351,0,1.907,0.524,0.708,255,0,0
10,DSC_1064_plate3.JPG,3,3029,69.602,280.534,0.484,0,1.68,0.595,0.857,254.814,0.08,0.058
11,DSC_1064_plate3.JPG,3,2411,70.17,206.995,0.707,0,1.456,0.687,0.897,255,0,0
12,DSC_1064_plate3.JPG,3,2633,66.629,220.208,0.682,0,1.862,0.537,0.926,255,0,0
13,DSC_1064_plate3.JPG,3,2861,68.579,229.723,0.681,0,1.709,0.585,0.901,255,0,0
14,DSC_1064_plate3.JPG,3,2452,66.537,195.137,0.809,0,1.147,0.872,0.951,255,0,0
15,DSC_1064_plate3.JPG,3,6068,64.028,374.475,0.544,0,1.595,0.627,0.856,255,0,0
16,DSC_1064_plate3.JPG,3,569,104.288,383.238,0.049,0,9.954,0.1,0.25,255,0,0
17,DSC_1064_plate3.JPG,3,4650,70.325,407.688,0.352,0,1.195,0.837,0.81,254.81,0.095,0.068
18,DSC_1064_plate3.JPG,3,1263,101.147,147.782,0.727,0,1.503,0.665,0.907,254.835,0.232,0.148
19,DSC_1064_plate3.JPG,3,207,87.444,58.77,0.753,0,1.791,0.558,0.885,255,0,0
20,DSC_1064_plate3.JPG,3,544,111.983,136.51,0.367,0,1.865,0.536,0.75,249.925,7.355,3.333
21,DSC_1064_plate3.JPG,3,2888,73.513,222.894,0.73,0,1.677,0.596,0.948,255,0,0
22,DSC_1064_plate3.JPG,3,1776,64.285,199.38,0.561,0,1.678,0.596,0.834,255,0,0
23,DSC_1064_plate3.JPG,3,1313,79.16,161.581,0.632,0,1.453,0.688,0.849,254.467,0.253,0.184
24,DSC_1064_plate3.JPG,3,203,86.695,55.598,0.825,0,1.058,0.945,0.877,255,0,0
25,DSC_1064_plate3.JPG,3,21059,97.387,1926.751,0.071,0,2.707,0.369,0.292,252.099,1.722,1.313
26,DSC_1064_plate3.JPG,3,148,103.628,94.024,0.21,0,8.022,0.125,0.658,255,0,0
27,DSC_1064_plate3.JPG,3,560,78.196,95.64,0.769,0,1.396,0.716,0.896,255,0,0
28,DSC_1064_plate3.JPG,3,5401,51.265,428.6,0.369,0,1.813,0.552,0.738,254.41,0.574,0.441
29,DSC_1064_plate3.JPG,3,633,67.872,109.054,0.669,0,1.64,0.61,0.899,255,0,0
30,DSC_1064_plate3.JPG,3,2302,68.258,249.563,0.464,0,1.394,0.717,0.864,254.922,0.036,0.026
31,DSC_1064_plate3.JPG,3,1426,65.204,156.024,0.736,0,1.301,0.768,0.919,255,0,0
32,DSC_1064_plate3.JPG,3,2707,61.091,342.475,0.29,0,1.363,0.734,0.753,255,0,0
33,DSC_1064_plate3.JPG,3,2967,75.74,275.019,0.493,0,1.435,0.697,0.777,255,0,0
34,DSC_1064_plate3.JPG,3,462,60.039,86.669,0.773,0,1.495,0.669,0.902,255,0,0
35,DSC_1064_plate3.JPG,3,104,50.567,72.912,0.246,0,1.56,0.641,0.619,250.856,0.952,1.125
36,DSC_1064_plate3.JPG,3,139,83.381,141.556,0.087,0,28.514,0.035,0.783,255,0,0
37,DSC_1064_plate3.JPG,3,115,74.783,54.527,0.486,0,1.557,0.642,0.742,255,0,0
38,DSC_1064_plate3.JPG,3,299,92.217,273.012,0.05,0,48.074,0.021,0.708,255,0,0
39,DSC_1064_plate3.JPG,3,224,75.196,101.983,0.271,0,2.374,0.421,0.688,255,0,0
40,DSC_1064_plate3.JPG,3,219,86.744,210.912,0.062,0,33.734,0.03,0.513,255,0,0
41,DSC_1064_plate3.JPG,3,135,77.363,144.527,0.081,0,26.785,0.037,0.667,255,0,0
42,DSC_1064_plate3.JPG,3,375,77.923,393.497,0.03,0,63.343,0.016,0.595,255,0,0
1,DSC_1063_plate4.JPG,4,1845,83.946,216.593,0.494,0,2.136,0.468,0.807,255,0,0
2,DSC_1063_plate4.JPG,4,1295,89.914,144.024,0.785,0,1.218,0.821,0.931,255,0,0
3,DSC_1063_plate4.JPG,4,1281,90.315,156.752,0.655,0,1.26,0.794,0.898,255,0,0
4,DSC_1063_plate4.JPG,4,1349,74.208,146.267,0.792,0,1.206,0.829,0.933,255,0,0
5,DSC_1063_plate4.JPG,4,690,91.914,131.681,0.5,0,1.979,0.505,0.818,253.11,1.419,1.22
6,DSC_1063_plate4.JPG,4,111,107.135,59.255,0.397,0,1.244,0.804,0.74,255,0,0
7,DSC_1063_plate4.JPG,4,2143,94.787,236.007,0.483,0,1.839,0.544,0.85,255,0,0
8,DSC_1063_plate4.JPG,4,1218,87.163,158.853,0.607,0,1.144,0.874,0.854,255,0,0
9,DSC_1063_plate4.JPG,4,841,94.743,127.196,0.653,0,1.502,0.666,0.911,254.834,0.144,0.113
10,DSC_1063_plate4.JPG,4,1587,88.576,211.279,0.447,0,2.271,0.44,0.789,247.273,7.314,3.637
11,DSC_1063_plate4.JPG,4,127,90.748,75.497,0.28,0,2.56,0.391,0.527,255,0,0
12,DSC_1063_plate4.JPG,4,195,91.236,54.284,0.832,0,1.07,0.934,0.899,255,0,0
13,DSC_1063_plate4.JPG,4,218,85.078,55.698,0.883,0,1.115,0.897,0.93,255,0,0
14,DSC_1063_plate4.JPG,4,2245,86.339,221.279,0.576,0,1.681,0.595,0.879,255,0,0
15,DSC_1063_plate4.JPG,4,1551,95.401,223.522,0.39,0,2.26,0.443,0.827,247.573,5.884,4.531
16,DSC_1063_plate4.JPG,4,1877,76.682,218.25,0.495,0,1.523,0.657,0.825,254.062,0.84,0.445
17,DSC_1063_plate4.JPG,4,290,98.624,62.527,0.932,0,1.077,0.928,0.951,255,0,0
18,DSC_1063_plate4.JPG,4,4063,73.805,317.605,0.506,0,1.496,0.669,0.81,252.603,2.349,1.598
19,DSC_1063_plate4.JPG,4,825,90.712,121.64,0.701,0,1.652,0.605,0.93,255,0,0
20,DSC_1063_plate4.JPG,4,524,92.605,114.811,0.5,0,1.896,0.527,0.792,255,0,0
21,DSC_1063_plate4.JPG,4,154,105.416,49.941,0.776,0,1.552,0.644,0.885,255,0,0
22,DSC_1063_plate4.JPG,4,430,99.442,91.154,0.65,0,1.257,0.796,0.857,254.621,0.253,0.216
23,DSC_1063_plate4.JPG,4,4021,70.748,272.191,0.682,0,1.141,0.877,0.905,254.894,0.09,0.07
24,DSC_1063_plate4.JPG,4,260,102.235,100.711,0.322,0,5.525,0.181,0.689,255,0,0
25,DSC_1063_plate4.JPG,4,302,75.407,386.326,0.025,0,78.162,0.013,0.52,255,0,0
26,DSC_1063_plate4.JPG,4,158,81.171,195.698,0.052,0,40.548,0.025,0.593,255,0,0
27,DSC_1063_plate4.JPG,4,112,87.741,152.728,0.06,0,37.563,0.027,0.669,255,0,0
1,DSC_1062_plate5.JPG,5,1584,86.028,207.765,0.461,0,1.551,0.645,0.867,253.261,1.183,1.011
2,DSC_1062_plate5.JPG,5,1425,77.54,166.752,0.644,0,1.464,0.683,0.873,255,0,0
3,DSC_1062_plate5.JPG,5,2369,81.312,239.907,0.517,0,1.452,0.689,0.883,254.554,0.408,0.274
4,DSC_1062_plate5.JPG,5,3398,81.833,259.463,0.634,0,1.422,0.703,0.918,254.113,0.793,0.564
5,DSC_1062_plate5.JPG,5,418,93.825,109.397,0.439,0,2.237,0.447,0.773,255,0,0
6,DSC_1062_plate5.JPG,5,1713,85.364,207.622,0.499,0,1.874,0.534,0.818,255,0,0
7,DSC_1062_plate5.JPG,5,3763,75.404,344.475,0.398,0,2.158,0.463,0.826,254.086,0.824,0.418
8,DSC_1062_plate5.JPG,5,918,76.958,123.782,0.753,0,1.571,0.636,0.93,255,0,0
9,DSC_1062_plate5.JPG,5,1647,79.544,193.48,0.553,0,1.329,0.753,0.866,253.407,1.421,0.525
10,DSC_1062_plate5.JPG,5,3038,80.981,311.99,0.392,0,1.837,0.544,0.765,254.11,0.809,0.419
11,DSC_1062_plate5.JPG,5,443,90.81,147.095,0.257,0,1.486,0.673,0.687,255,0,0
12,DSC_1062_plate5.JPG,5,1910,77.419,215.321,0.518,0,1.638,0.61,0.84,254.068,0.832,0.317
13,DSC_1062_plate5.JPG,5,1296,89.431,163.338,0.61,0,1.602,0.624,0.872,253.317,1.418,0.89
14,DSC_1062_plate5.JPG,5,225,96.484,81.74,0.423,0,2.302,0.434,0.761,253.778,1.08,0.587
15,DSC_1062_plate5.JPG,5,122,98.32,45.456,0.742,0,1.686,0.593,0.853,255,0,0
16,DSC_1062_plate5.JPG,5,1842,86.667,258.635,0.346,0,2.105,0.475,0.82,250.155,4.311,2.225
17,DSC_1062_plate5.JPG,5,318,94.925,87.397,0.523,0,1.966,0.509,0.767,255,0,0
18,DSC_1062_plate5.JPG,5,248,100.202,74.912,0.555,0,1.263,0.792,0.8,255,0,0
19,DSC_1062_plate5.JPG,5,1072,73.413,143.196,0.657,0,1.339,0.747,0.882,255,0,0
20,DSC_1062_plate5.JPG,5,236,94.169,67.012,0.66,0,1.02,0.98,0.86,255,0,0
21,DSC_1062_plate5.JPG,5,4291,70.153,346.96,0.448,0,2.355,0.425,0.81,254.937,0.056,0.031
22,DSC_1062_plate5.JPG,5,2360,72.592,237.522,0.526,0,1.353,0.739,0.871,255,0,0
23,DSC_1062_plate5.JPG,5,838,82.764,124.024,0.685,0,1.531,0.653,0.884,255,0,0
24,DSC_1062_plate5.JPG,5,144,104.646,97.882,0.189,0,1.384,0.722,0.449,255,0,0
25,DSC_1062_plate5.JPG,5,105,87.295,132.811,0.075,0,7.082,0.141,0.26,255,0,0
26,DSC_1062_plate5.JPG,5,1555,88.197,196.309,0.507,0,1.361,0.735,0.865,255,0,0
27,DSC_1062_plate5.JPG,5,275,73.789,289.865,0.041,0,9.856,0.101,0.202,255,0,0
28,DSC_1062_plate5.JPG,5,179,102.994,129.782,0.134,0,7.576,0.132,0.528,255,0,0
1,DSC_1061_plate6.JPG,6,472,90.928,85.012,0.821,0,1.162,0.86,0.93,255,0,0
2,DSC_1061_plate6.JPG,6,166,88.771,52.284,0.763,0,1.301,0.768,0.883,255,0,0
3,DSC_1061_plate6.JPG,6,554,80.516,104.811,0.634,0,1.386,0.721,0.884,255,0,0
4,DSC_1061_plate6.JPG,6,3300,72.34,240.35,0.718,0,1.698,0.589,0.912,255,0,0
5,DSC_1061_plate6.JPG,6,217,97.272,54.527,0.917,0,1.078,0.928,0.927,255,0,0
6,DSC_1061_plate6.JPG,6,2687,71.019,233.966,0.617,0,1.687,0.593,0.871,254.809,0.179,0.152
7,DSC_1061_plate6.JPG,6,459,102.166,93.983,0.653,0,1.713,0.584,0.854,255,0,0
8,DSC_1061_plate6.JPG,6,303,109.185,76.426,0.652,0,1.84,0.544,0.877,255,0,0
9,DSC_1061_plate6.JPG,6,3910,80.509,317.647,0.487,0,1.507,0.664,0.772,254.72,0.373,0.302
10,DSC_1061_plate6.JPG,6,141,101.582,51.698,0.663,0,2.636,0.379,0.855,253.894,0.766,0.617
11,DSC_1061_plate6.JPG,6,109,99.725,38.284,0.935,0,1.079,0.927,0.89,255,0,0
12,DSC_1061_plate6.JPG,6,364,113.091,87.154,0.602,0,1.443,0.693,0.818,255,0,0
13,DSC_1061_plate6.JPG,6,1695,88.888,179.439,0.662,0,1.212,0.825,0.917,255,0,0
14,DSC_1061_plate6.JPG,6,2739,91.318,254.007,0.533,0,1.797,0.557,0.829,255,0,0
15,DSC_1061_plate6.JPG,6,1038,100.774,164.995,0.479,0,2.292,0.436,0.83,254.85,0.104,0.084
16,DSC_1061_plate6.JPG,6,2256,92.62,276.049,0.372,0,1.637,0.611,0.835,254.455,0.134,0.111
17,DSC_1061_plate6.JPG,6,2885,76.562,278.492,0.467,0,1.793,0.558,0.769,254.965,0.053,0.04
18,DSC_1061_plate6.JPG,6,2988,86.817,242.007,0.641,0,1.775,0.563,0.902,255,0,0
19,DSC_1061_plate6.JPG,6,126,105.524,45.698,0.758,0,1.529,0.654,0.854,255,0,0
20,DSC_1061_plate6.JPG,6,2308,81.779,278.108,0.375,0,1.348,0.742,0.743,255,0,0
21,DSC_1061_plate6.JPG,6,3244,96.47,272.492,0.549,0,1.525,0.656,0.848,252.919,3.025,0.772
22,DSC_1061_plate6.JPG,6,2094,80.764,189.723,0.731,0,1.501,0.666,0.932,255,0,0
23,DSC_1061_plate6.JPG,6,120,89.608,121.095,0.103,0,12.972,0.077,0.423,255,0,0
24,DSC_1061_plate6.JPG,6,112,100.652,148.184,0.064,0,12.55,0.08,0.347,255,0,0
25,DSC_1061_plate6.JPG,6,255,105.635,283.698,0.04,0,55.086,0.018,0.536,255,0,0
1,DSC_1060_plate7.JPG,7,5771,64.289,351.848,0.586,0,2.014,0.497,0.876,255,0,0
2,DSC_1060_plate7.JPG,7,3733,69.889,280.836,0.595,0,1.803,0.555,0.875,254.687,0.293,0.188
3,DSC_1060_plate7.JPG,7,2500,70.804,273.563,0.42,0,1.52,0.658,0.802,254.893,0.092,0.081
4,DSC_1060_plate7.JPG,7,300,96.03,73.255,0.703,0,1.818,0.55,0.884,255,0,0
5,DSC_1060_plate7.JPG,7,150,105.32,70.669,0.377,0,1.573,0.636,0.713,255,0,0
6,DSC_1060_plate7.JPG,7,1898,79.479,207.279,0.555,0,1.504,0.665,0.885,252.867,2.014,1.132
7,DSC_1060_plate7.JPG,7,1868,72.871,187.238,0.67,0,1.18,0.848,0.894,255,0,0
8,DSC_1060_plate7.JPG,7,2070,82.207,232.492,0.481,0,1.499,0.667,0.859,253.878,0.993,0.535
9,DSC_1060_plate7.JPG,7,1960,87.091,192.551,0.664,0,1.579,0.633,0.903,254.86,0.124,0.073
10,DSC_1060_plate7.JPG,7,2448,72.948,239.421,0.537,0,1.584,0.631,0.883,252.91,1.989,0.939
11,DSC_1060_plate7.JPG,7,162,97.889,71.598,0.397,0,1.316,0.76,0.73,253.346,1.444,1.111
12,DSC_1060_plate7.JPG,7,671,93.025,110.468,0.691,0,1.199,0.834,0.886,254.565,0.319,0.274
13,DSC_1060_plate7.JPG,7,303,74.396,70.77,0.76,0,1.756,0.57,0.904,255,0,0
14,DSC_1060_plate7.JPG,7,2362,78.889,231.421,0.554,0,1.766,0.566,0.843,254.83,0.153,0.107
15,DSC_1060_plate7.JPG,7,2362,80.517,223.38,0.595,0,1.451,0.689,0.871,253.758,1.232,0.883
16,DSC_1060_plate7.JPG,7,2768,70.736,312.09,0.357,0,2.076,0.482,0.847,255,0,0
17,DSC_1060_plate7.JPG,7,3647,86.197,333.161,0.413,0,1.45,0.69,0.819,251.327,3.401,2.645
18,DSC_1060_plate7.JPG,7,1672,66.086,172.409,0.707,0,1.53,0.653,0.905,254.92,0.071,0.029
19,DSC_1060_plate7.JPG,7,1452,68.207,158.024,0.731,0,1.739,0.575,0.933,255,0,0
20,DSC_1060_plate7.JPG,7,2374,90.349,296.676,0.339,0,1.736,0.576,0.705,254.887,0.101,0.073
21,DSC_1060_plate7.JPG,7,123,66.626,103.497,0.144,0,14.38,0.07,0.589,255,0,0
22,DSC_1060_plate7.JPG,7,108,96.722,46.87,0.618,0,1.487,0.672,0.785,255,0,0
1,DSC_1059_plate8.JPG,8,119,103.538,107.841,0.129,0,11.721,0.085,0.543,246.538,5.202,5.84
2,DSC_1059_plate8.JPG,8,4483,81.156,358.86,0.437,0,2.059,0.486,0.855,254.97,0.027,0.017
3,DSC_1059_plate8.JPG,8,3580,63.575,289.12,0.538,0,2.052,0.487,0.847,255,0,0
4,DSC_1059_plate8.JPG,8,1544,68.234,212.451,0.43,0,1.014,0.986,0.818,253.678,0.984,0.849
5,DSC_1059_plate8.JPG,8,3815,71.098,313.706,0.487,0,1.58,0.633,0.834,254.744,0.223,0.044
6,DSC_1059_plate8.JPG,8,236,98.992,66.77,0.665,0,1.475,0.678,0.841,255,0,0
7,DSC_1059_plate8.JPG,8,1552,78.421,163.095,0.733,0,1.274,0.785,0.927,255,0,0
8,DSC_1059_plate8.JPG,8,133,107.165,89.397,0.209,0,1.585,0.631,0.609,255,0,0
9,DSC_1059_plate8.JPG,8,1392,65.293,159.238,0.69,0,1.833,0.545,0.882,255,0,0
10,DSC_1059_plate8.JPG,8,1470,84.957,210.309,0.418,0,1.417,0.706,0.72,253.566,1.235,0.888
11,DSC_1059_plate8.JPG,8,1675,69.762,240.108,0.365,0,1.645,0.608,0.714,255,0,0
12,DSC_1059_plate8.JPG,8,3907,81.843,332.132,0.445,0,1.795,0.557,0.872,254.673,0.282,0.202
13,DSC_1059_plate8.JPG,8,133,98.865,56.77,0.519,0,1.409,0.71,0.756,255,0,0
14,DSC_1059_plate8.JPG,8,951,76.506,153.581,0.507,0,1.467,0.682,0.831,251.901,3.019,1.828
15,DSC_1059_plate8.JPG,8,177,96.288,57.012,0.684,0,1.256,0.796,0.839,255,0,0
16,DSC_1059_plate8.JPG,8,2144,69.025,221.421,0.55,0,1.318,0.759,0.911,254.489,0.458,0.195
17,DSC_1059_plate8.JPG,8,2480,83.283,296.919,0.353,0,1.454,0.688,0.829,250.035,4.531,3.624
18,DSC_1059_plate8.JPG,8,4100,72.612,317.161,0.512,0,1.871,0.534,0.867,254.803,0.187,0.137
19,DSC_1059_plate8.JPG,8,1466,75.829,170.752,0.632,0,1.372,0.729,0.861,255,0,0
20,DSC_1059_plate8.JPG,8,411,96.477,122.51,0.344,0,1.329,0.753,0.659,253.058,1.701,1.426
21,DSC_1059_plate8.JPG,8,509,81.2,124.953,0.41,0,1.413,0.708,0.799,254.214,0.674,0.33
22,DSC_1059_plate8.JPG,8,2012,85.934,244.007,0.425,0,1.783,0.561,0.835,253.249,1.455,0.902
23,DSC_1059_plate8.JPG,8,2842,76.02,242.836,0.606,0,1.605,0.623,0.91,255,0,0
24,DSC_1059_plate8.JPG,8,2997,74.101,271.019,0.513,0,1.296,0.771,0.882,254.734,0.237,0.173
25,DSC_1059_plate8.JPG,8,993,93.104,191.137,0.342,0,2.516,0.397,0.768,253.286,1.472,0.79
26,DSC_1059_plate8.JPG,8,1155,93.189,232.735,0.268,0,2.303,0.434,0.789,252.055,2.524,1.461
27,DSC_1059_plate8.JPG,8,330,79.364,73.598,0.766,0,1.569,0.637,0.892,255,0,0
28,DSC_1059_plate8.JPG,8,306,38.722,186.468,0.111,0,13.922,0.072,0.603,255,0,0
29,DSC_1059_plate8.JPG,8,105,57.267,88.042,0.17,0,10.674,0.094,0.698,255,0,0
30,DSC_1059_plate8.JPG,8,151,72.079,135.841,0.103,0,18.775,0.053,0.636,255,0,0
31,DSC_1059_plate8.JPG,8,139,74.719,127.698,0.107,0,20.116,0.05,0.668,255,0,0
32,DSC_1059_plate8.JPG,8,113,73.982,112.527,0.112,0,17.978,0.056,0.631,255,0,0
33,DSC_1059_plate8.JPG,8,124,78.105,111.698,0.125,0,16.327,0.061,0.723,255,0,0
34,DSC_1059_plate8.JPG,8,104,71.952,96.527,0.14,0,13.15,0.076,0.698,255,0,0
1,DSC_1058_plate9.JPG,9,2176,69.618,222.693,0.551,0,1.328,0.753,0.883,255,0,0
2,DSC_1058_plate9.JPG,9,112,90.696,39.456,0.904,0,1.11,0.901,0.896,255,0,0
3,DSC_1058_plate9.JPG,9,1255,91.665,179.238,0.491,0,1.018,0.982,0.857,255,0,0
4,DSC_1058_plate9.JPG,9,905,86.126,131.539,0.657,0,2.033,0.492,0.866,254.829,0.115,0.098
5,DSC_1058_plate9.JPG,9,948,84.575,145.196,0.565,0,1.782,0.561,0.861,254.454,0.303,0.247
6,DSC_1058_plate9.JPG,9,138,105.58,62.77,0.44,0,3.856,0.259,0.754,255,0,0
7,DSC_1058_plate9.JPG,9,1921,93.212,205.865,0.57,0,1.647,0.607,0.908,254.132,0.766,0.558
8,DSC_1058_plate9.JPG,9,1688,82.976,201.38,0.523,0,1.735,0.576,0.867,253.309,1.59,1.114
9,DSC_1058_plate9.JPG,9,2539,78.458,242.593,0.542,0,1.535,0.652,0.888,255,0,0
10,DSC_1058_plate9.JPG,9,2368,74.835,254.735,0.459,0,1.378,0.726,0.802,254.942,0.051,0.04
11,DSC_1058_plate9.JPG,9,740,90.168,114.125,0.714,0,1.142,0.875,0.895,255,0,0
12,DSC_1058_plate9.JPG,9,570,87.549,92.468,0.838,0,1.224,0.817,0.916,255,0,0
13,DSC_1058_plate9.JPG,9,2943,86.729,272.392,0.498,0,2.018,0.495,0.878,252.814,2.174,1.388
14,DSC_1058_plate9.JPG,9,459,84.634,118.368,0.412,0,1.793,0.558,0.751,253.253,1.148,0.974
15,DSC_1058_plate9.JPG,9,922,81.916,159.823,0.454,0,1.749,0.572,0.839,255,0,0
16,DSC_1058_plate9.JPG,9,2327,67.713,215.421,0.63,0,1.511,0.662,0.898,254.198,0.608,0.533
17,DSC_1058_plate9.JPG,9,3818,78.321,289.463,0.573,0,1.857,0.538,0.873,255,0,0
18,DSC_1058_plate9.JPG,9,506,90.239,112.125,0.506,0,1.161,0.862,0.738,254.735,0.235,0.16
19,DSC_1058_plate9.JPG,9,159,95.61,105.296,0.18,0,6.41,0.156,0.55,255,0,0
20,DSC_1058_plate9.JPG,9,255,90.063,132.125,0.184,0,4.01,0.249,0.556,240.38,7.345,8.224
21,DSC_1058_plate9.JPG,9,134,78.142,69.497,0.349,0,3.428,0.292,0.673,255,0,0
22,DSC_1058_plate9.JPG,9,127,96.37,110.083,0.132,0,1.797,0.556,0.504,255,0,0
23,DSC_1058_plate9.JPG,9,119,105.21,61.456,0.396,0,1.792,0.558,0.744,255,0,0
24,DSC_1058_plate9.JPG,9,149,104.389,100.225,0.186,0,2.178,0.459,0.495,255,0,0
25,DSC_1058_plate9.JPG,9,216,99.338,172.267,0.091,0,2.628,0.381,0.501,253.472,0.963,1.065
26,DSC_1058_plate9.JPG,9,107,76.579,68.426,0.287,0,1.815,0.551,0.598,255,0,0
1,DSC_1057_plate10.JPG,10,998,95.137,128.711,0.757,0,1.11,0.901,0.906,255,0,0
2,DSC_1057_plate10.JPG,10,1884,93.641,201.279,0.584,0,1.796,0.557,0.883,253.872,0.982,0.695
3,DSC_1057_plate10.JPG,10,589,82.917,105.296,0.668,0,1.205,0.83,0.854,254.762,0.19,0.165
4,DSC_1057_plate10.JPG,10,390,91.077,87.983,0.633,0,2.122,0.471,0.848,255,0,0
5,DSC_1057_plate10.JPG,10,4220,75.302,359.304,0.411,0,1.91,0.524,0.772,254.261,0.637,0.415
6,DSC_1057_plate10.JPG,10,1333,97.648,168.995,0.587,0,1.346,0.743,0.892,253.142,1.603,1.2
7,DSC_1057_plate10.JPG,10,2149,68.513,269.706,0.371,0,1.434,0.697,0.818,254.872,0.114,0.04
8,DSC_1057_plate10.JPG,10,375,71.477,77.012,0.795,0,1.612,0.62,0.933,255,0,0
9,DSC_1057_plate10.JPG,10,1191,82.423,184.066,0.442,0,1.228,0.815,0.864,255,0,0
10,DSC_1057_plate10.JPG,10,1461,93.837,183.723,0.544,0,1.546,0.647,0.897,254.515,0.418,0.216
11,DSC_1057_plate10.JPG,10,318,82.142,70.426,0.806,0,1.289,0.776,0.897,255,0,0
12,DSC_1057_plate10.JPG,10,3211,72.887,265.806,0.571,0,1.795,0.557,0.899,253.481,1.396,0.442
13,DSC_1057_plate10.JPG,10,2814,71.819,250.007,0.566,0,1.278,0.783,0.847,254.905,0.086,0.07
14,DSC_1057_plate10.JPG,10,2479,71.006,252.978,0.487,0,1.497,0.668,0.863,254.092,0.864,0.342
15,DSC_1057_plate10.JPG,10,438,83.119,110.368,0.452,0,1.421,0.704,0.856,255,0,0
16,DSC_1057_plate10.JPG,10,3662,80.506,437.387,0.241,0,2.27,0.441,0.617,252.888,1.86,0.892
17,DSC_1057_plate10.JPG,10,2698,72.04,289.12,0.406,0,1.074,0.931,0.727,253.921,1.003,0.44
18,DSC_1057_plate10.JPG,10,4089,68.228,291.362,0.605,0,1.41,0.709,0.882,254.868,0.121,0.075
19,DSC_1057_plate10.JPG,10,4212,77.868,324.09,0.504,0,1.681,0.595,0.852,254.903,0.087,0.07
1,DSC_1056_plate11.JPG,11,918,87.898,170.309,0.398,0,2.169,0.461,0.766,254.612,0.17,0.137
2,DSC_1056_plate11.JPG,11,241,84.012,58.77,0.877,0,1.393,0.718,0.929,255,0,0
3,DSC_1056_plate11.JPG,11,457,87.018,103.882,0.532,0,1.263,0.792,0.77,255,0,0
4,DSC_1056_plate11.JPG,11,322,94.873,73.841,0.742,0,1.557,0.642,0.888,255,0,0
5,DSC_1056_plate11.JPG,11,1958,82.219,171.238,0.839,0,1.27,0.787,0.951,255,0,0
6,DSC_1056_plate11.JPG,11,764,99.034,148.853,0.433,0,2.712,0.369,0.739,252.145,4.089,1.171
7,DSC_1056_plate11.JPG,11,1060,74.117,162.167,0.507,0,1.157,0.865,0.819,254.895,0.13,0.109
8,DSC_1056_plate11.JPG,11,2278,77.811,266.049,0.404,0,1.126,0.888,0.697,255,0,0
9,DSC_1056_plate11.JPG,11,728,91.666,103.497,0.854,0,1.057,0.946,0.942,255,0,0
10,DSC_1056_plate11.JPG,11,2140,76.781,222.551,0.543,0,1.593,0.628,0.815,255,0,0
11,DSC_1056_plate11.JPG,11,240,97.992,76.912,0.51,0,3.569,0.28,0.821,255,0,0
12,DSC_1056_plate11.JPG,11,103,109.796,40.042,0.807,0,1.896,0.527,0.892,255,0,0
13,DSC_1056_plate11.JPG,11,2204,79.654,196.794,0.715,0,1.729,0.578,0.932,255,0,0
14,DSC_1056_plate11.JPG,11,200,82.38,55.355,0.82,0,1.592,0.628,0.911,255,0,0
15,DSC_1056_plate11.JPG,11,107,89.907,43.113,0.723,0,2.18,0.459,0.863,255,0,0
16,DSC_1056_plate11.JPG,11,159,80.346,55.113,0.658,0,1.606,0.623,0.839,255,0,0
17,DSC_1056_plate11.JPG,11,849,70.057,123.296,0.702,0,1.423,0.703,0.877,255,0,0
18,DSC_1056_plate11.JPG,11,393,88.359,113.882,0.381,0,1.653,0.605,0.752,253.27,0.987,0.796
19,DSC_1056_plate11.JPG,11,215,121.447,246.108,0.045,0,6.081,0.164,0.146,255,0,0
20,DSC_1056_plate11.JPG,11,1293,73.343,188.309,0.458,0,1.359,0.736,0.756,255,0,0
21,DSC_1056_plate11.JPG,11,2361,59.128,215.48,0.639,0,1.294,0.773,0.863,255,0,0
22,DSC_1056_plate11.JPG,11,772,82.894,107.296,0.843,0,1.129,0.885,0.939,255,0,0
23,DSC_1056_plate11.JPG,11,251,90.494,60.77,0.854,0,1.213,0.825,0.913,255,0,0
24,DSC_1056_plate11.JPG,11,761,73.765,117.397,0.694,0,2.144,0.466,0.927,255,0,0
25,DSC_1056_plate11.JPG,11,3381,84.736,308.919,0.445,0,1.412,0.708,0.822,254.868,0.096,0.077
26,DSC_1056_plate11.JPG,11,171,90.111,48.284,0.922,0,1.362,0.734,0.929,255,0,0
27,DSC_1056_plate11.JPG,11,141,92.645,184.551,0.052,0,12.467,0.08,0.256,255,0,0
28,DSC_1056_plate11.JPG,11,142,82.486,154.083,0.075,0,20.625,0.048,0.489,255,0,0
29,DSC_1056_plate11.JPG,11,161,75.95,142.569,0.1,0,10.584,0.094,0.409,255,0,0
30,DSC_1056_plate11.JPG,11,252,74.635,235.841,0.057,0,27.278,0.037,0.552,255,0,0
1,DSC_1055_plate12.JPG,12,113,89.85,70.669,0.284,0,1.388,0.721,0.601,255,0,0
2,DSC_1055_plate12.JPG,12,1933,80.375,190.794,0.667,0,1.147,0.872,0.895,252.723,2.199,1.67
3,DSC_1055_plate12.JPG,12,242,84.694,62.669,0.774,0,1.09,0.918,0.863,255,0,0
4,DSC_1055_plate12.JPG,12,335,90.839,79.841,0.66,0,2.044,0.489,0.87,255,0,0
5,DSC_1055_plate12.JPG,12,1534,94.838,183.238,0.574,0,1.951,0.512,0.863,255,0,0
6,DSC_1055_plate12.JPG,12,3416,80.82,273.321,0.575,0,1.979,0.505,0.887,255,0,0
7,DSC_1055_plate12.JPG,12,1917,74.168,213.865,0.527,0,1.649,0.607,0.864,253.561,1.372,0.579
8,DSC_1055_plate12.JPG,12,110,99.482,42.042,0.782,0,1.347,0.742,0.876,255,0,0
9,DSC_1055_plate12.JPG,12,235,102.213,97.296,0.312,0,4.129,0.242,0.682,255,0,0
10,DSC_1055_plate12.JPG,12,2241,71.297,219.179,0.586,0,1.342,0.745,0.903,254.029,0.895,0.357
11,DSC_1055_plate12.JPG,12,722,98.208,120.368,0.626,0,1.307,0.765,0.873,254.801,0.168,0.133
12,DSC_1055_plate12.JPG,12,932,86.453,222.936,0.236,0,1.548,0.646,0.717,254.098,0.784,0.266
13,DSC_1055_plate12.JPG,12,1915,64.885,221.279,0.491,0,1.25,0.8,0.873,254.718,0.253,0.11
14,DSC_1055_plate12.JPG,12,1606,94.319,197.966,0.515,0,1.553,0.644,0.878,253.885,0.907,0.554
15,DSC_1055_plate12.JPG,12,215,100.665,87.397,0.354,0,1.311,0.763,0.63,255,0,0
16,DSC_1055_plate12.JPG,12,128,88.875,48.627,0.68,0,1.512,0.662,0.892,255,0,0
17,DSC_1055_plate12.JPG,12,1845,91.132,313.747,0.236,0,2.243,0.446,0.741,253.997,0.595,0.526
18,DSC_1055_plate12.JPG,12,2386,60.627,218.007,0.631,0,1.557,0.642,0.88,255,0,0
19,DSC_1055_plate12.JPG,12,1639,65.364,188.309,0.581,0,1.34,0.746,0.92,255,0,0
20,DSC_1055_plate12.JPG,12,1222,76.347,159.581,0.603,0,1.377,0.726,0.897,254.781,0.201,0.098
21,DSC_1055_plate12.JPG,12,1470,79.62,247.338,0.302,0,2.131,0.469,0.704,255,0,0
22,DSC_1055_plate12.JPG,12,475,71.893,85.255,0.821,0,1.42,0.704,0.934,255,0,0
23,DSC_1055_plate12.JPG,12,108,103.398,50.284,0.537,0,2.934,0.341,0.783,255,0,0
24,DSC_1055_plate12.JPG,12,3532,66.874,308.777,0.466,0,1.387,0.721,0.831,255,0,0
25,DSC_1055_plate12.JPG,12,3077,68.65,254.492,0.597,0,2.076,0.482,0.866,255,0,0
26,DSC_1055_plate12.JPG,12,2063,79.412,199.865,0.649,0,1.15,0.87,0.885,255,0,0
27,DSC_1055_plate12.JPG,12,3672,65.999,346.718,0.384,0,1.232,0.812,0.801,254.421,0.539,0.286
28,DSC_1055_plate12.JPG,12,1342,98.07,173.723,0.559,0,1.054,0.949,0.854,253.858,0.952,0.811
29,DSC_1055_plate12.JPG,12,118,92.627,121.296,0.101,0,4.272,0.234,0.242,255,0,0
30,DSC_1055_plate12.JPG,12,188,57.872,162.309,0.09,0,12.148,0.082,0.408,255,0,0
31,DSC_1055_plate12.JPG,12,125,41.28,89.397,0.197,0,2.264,0.442,0.5,251.536,0.68,0.728
32,DSC_1055_plate12.JPG,12,633,72.893,640.894,0.019,0,105.68,0.009,0.553,255,0,0
33,DSC_1055_plate12.JPG,12,155,80.819,204.87,0.046,0,47.156,0.021,0.577,255,0,0
34,DSC_1055_plate12.JPG,12,160,77.975,184.527,0.059,0,37.837,0.026,0.625,255,0,0
35,DSC_1055_plate12.JPG,12,131,75.58,142.042,0.082,0,29.651,0.034,0.753,255,0,0
36,DSC_1055_plate12.JPG,12,159,74.226,200.87,0.05,0,45.623,0.022,0.589,255,0,0
37,DSC_1055_plate12.JPG,12,134,73.791,178.042,0.053,0,40.218,0.025,0.567,255,0,0
38,DSC_1055_plate12.JPG,12,321,71.343,351.841,0.033,0,71.687,0.014,0.559,255,0,0
39,DSC_1055_plate12.JPG,12,116,74.966,122.042,0.098,0,21.65,0.046,0.727,255,0,0
1,DSC_1054_plate13.JPG,13,7273,95.829,1766.3,0.029,0,2.898,0.345,0.152,107.704,97.599,80.255
2,DSC_1054_plate13.JPG,13,117,107.573,75.154,0.26,0,6.007,0.166,0.619,119.752,112.701,89.632
3,DSC_1054_plate13.JPG,13,1287,70.434,160.752,0.626,0,1.332,0.751,0.868,81.171,85.3,44.846
4,DSC_1054_plate13.JPG,13,507,94.489,101.983,0.613,0,1.412,0.708,0.842,107.475,102.215,73.799
5,DSC_1054_plate13.JPG,13,3723,71.256,456.985,0.224,0,3.171,0.315,0.593,90.67,90.31,32.764
6,DSC_1054_plate13.JPG,13,127,93.984,72.627,0.303,0,4.717,0.212,0.801,101.614,96.378,83.898
7,DSC_1054_plate13.JPG,13,668,103.906,138.267,0.439,0,2.729,0.366,0.755,114.376,109.648,87.651
8,DSC_1054_plate13.JPG,13,117,96.641,85.054,0.203,0,5.499,0.182,0.582,103.462,101.034,85.735
9,DSC_1054_plate13.JPG,13,284,98,185.179,0.104,0,13.677,0.073,0.446,106.007,102.222,85.951
10,DSC_1054_plate13.JPG,13,1939,61.925,224.35,0.484,0,1.79,0.559,0.857,79.274,83.192,23.353
11,DSC_1054_plate13.JPG,13,2229,69.836,203.137,0.679,0,1.702,0.587,0.919,85.013,88.734,35.577
12,DSC_1054_plate13.JPG,13,3448,67.413,364.416,0.326,0,1.522,0.657,0.763,84.789,83.037,33.436
13,DSC_1054_plate13.JPG,13,960,73.693,146.024,0.566,0,1.328,0.753,0.85,93.348,92.81,34.922
14,DSC_1054_plate13.JPG,13,1460,89.65,165.338,0.671,0,1.509,0.663,0.892,91.176,101.429,76.308
15,DSC_1054_plate13.JPG,13,116,98,39.799,0.92,0,1.224,0.817,0.921,106.526,106.603,81.034
16,DSC_1054_plate13.JPG,13,864,70.47,140.368,0.551,0,1.396,0.717,0.806,81.884,80.656,48.853
17,DSC_1054_plate13.JPG,13,396,85.21,104.953,0.452,0,1.238,0.808,0.764,95.831,91.995,67.73
18,DSC_1054_plate13.JPG,13,3587,72.026,276.534,0.589,0,1.409,0.71,0.874,81.631,87.084,47.312
19,DSC_1054_plate13.JPG,13,221,93.973,107.539,0.24,0,1.487,0.672,0.641,100.538,98.502,83.131
20,DSC_1054_plate13.JPG,13,3461,62.084,290.919,0.514,0,1.259,0.794,0.855,73.379,75.735,37.167
21,DSC_1054_plate13.JPG,13,866,64.527,130.368,0.64,0,1.409,0.71,0.885,80.222,80.441,32.924
22,DSC_1054_plate13.JPG,13,238,70.588,60.426,0.819,0,1.242,0.805,0.869,84.79,82.798,44.176
23,DSC_1054_plate13.JPG,13,258,85.202,62.77,0.823,0,1.538,0.65,0.923,97.314,94.74,63.465
24,DSC_1054_plate13.JPG,13,100,97.62,51.113,0.481,0,2.403,0.416,0.687,112.29,109.8,70.79
25,DSC_1054_plate13.JPG,13,2548,72.649,284.978,0.394,0,1.667,0.6,0.84,82.916,87.094,47.988
26,DSC_1054_plate13.JPG,13,124,101.105,63.841,0.382,0,3.731,0.268,0.713,108.411,108.194,86.935
27,DSC_1054_plate13.JPG,13,1957,62.262,231.421,0.459,0,1.181,0.847,0.817,79.982,81.927,24.896
28,DSC_1054_plate13.JPG,13,706,85.241,106.468,0.783,0,1.244,0.804,0.916,98.786,95.071,61.871
29,DSC_1054_plate13.JPG,13,3351,62.6,260.392,0.621,0,1.715,0.583,0.921,80.159,84.825,22.902
30,DSC_1054_plate13.JPG,13,217,89.986,65.012,0.645,0,1.312,0.762,0.839,103.922,98.82,67.244
31,DSC_1054_plate13.JPG,13,248,90.984,81.255,0.472,0,1.18,0.847,0.713,98.867,93.052,81.19
32,DSC_1054_plate13.JPG,13,138,75.13,178.836,0.054,0,19.681,0.051,0.342,86.174,79.058,60.319
33,DSC_1054_plate13.JPG,13,157,69.115,175.823,0.064,0,20.199,0.05,0.381,79.223,77.567,50.554
34,DSC_1054_plate13.JPG,13,104,83.538,131.983,0.075,0,25.206,0.04,0.5,92.212,87.894,70.596
35,DSC_1054_plate13.JPG,13,102,73.873,113.497,0.1,0,16.577,0.06,0.53,84.412,79.01,58.245
36,DSC_1054_plate13.JPG,13,126,104.206,99.598,0.16,0,10.595,0.094,0.616,114.563,106.135,92.206
37,DSC_1054_plate13.JPG,13,181,81.144,105.054,0.206,0,3.045,0.328,0.616,71.392,82.867,89.254
38,DSC_1054_plate13.JPG,13,961,71.347,180.066,0.372,0,1.101,0.909,0.638,79.154,80.583,54.294
39,DSC_1054_plate13.JPG,13,117,78.308,87.74,0.191,0,3.561,0.281,0.498,69.718,79.863,84.94
40,DSC_1054_plate13.JPG,13,114,97.026,182.042,0.043,0,42.168,0.024,0.495,105.395,101.684,84.132
1,DSC_1053_plate14.JPG,14,120,107.808,62.87,0.382,0,4.654,0.215,0.795,243.108,8.3,9.083
2,DSC_1053_plate14.JPG,14,309,105.019,167.439,0.139,0,2.026,0.494,0.595,248.673,4.081,4.508
3,DSC_1053_plate14.JPG,14,1473,91.27,201.865,0.454,0,1.858,0.538,0.853,254.428,0.497,0.359
4,DSC_1053_plate14.JPG,14,3627,70.79,414.174,0.266,0,1.384,0.723,0.619,255,0,0
5,DSC_1053_plate14.JPG,14,186,90.204,74.426,0.422,0,2.632,0.38,0.777,255,0,0
6,DSC_1053_plate14.JPG,14,508,89.774,148.409,0.29,0,1.704,0.587,0.642,253.907,0.878,0.762
7,DSC_1053_plate14.JPG,14,1639,83.57,231.179,0.385,0,2.662,0.376,0.76,254.674,0.291,0.207
8,DSC_1053_plate14.JPG,14,746,79.229,127.782,0.574,0,1.15,0.87,0.851,255,0,0
9,DSC_1053_plate14.JPG,14,1773,70.904,196.894,0.575,0,1.727,0.579,0.872,254.923,0.069,0.034
10,DSC_1053_plate14.JPG,14,2573,81.398,259.078,0.482,0,1.479,0.676,0.781,254.944,0.047,0.035
11,DSC_1053_plate14.JPG,14,2459,60.302,233.037,0.569,0,1.278,0.783,0.846,255,0,0
12,DSC_1053_plate14.JPG,14,491,74.477,92.811,0.716,0,1.186,0.843,0.901,255,0,0
13,DSC_1053_plate14.JPG,14,2578,75.702,245.664,0.537,0,1.854,0.539,0.853,253.929,0.956,0.484
14,DSC_1053_plate14.JPG,14,835,105.57,175.037,0.342,0,1.23,0.813,0.736,238.896,13.841,11.869
15,DSC_1053_plate14.JPG,14,619,89.578,160.066,0.304,0,1.703,0.587,0.711,253.973,0.601,0.53
16,DSC_1053_plate14.JPG,14,3609,68.86,487.914,0.191,0,1.416,0.706,0.6,254.548,0.323,0.265
17,DSC_1053_plate14.JPG,14,529,93.136,143.681,0.322,0,2.187,0.457,0.707,255,0,0
18,DSC_1053_plate14.JPG,14,1272,70.186,157.238,0.647,0,1.066,0.938,0.875,254.887,0.086,0.074
19,DSC_1053_plate14.JPG,14,145,81.731,150.51,0.08,0,23.195,0.043,0.465,255,0,0
20,DSC_1053_plate14.JPG,14,282,68.33,262.919,0.051,0,27.517,0.036,0.381,255,0,0
21,DSC_1053_plate14.JPG,14,103,89.65,111.196,0.105,0,2.945,0.34,0.28,248.534,5.854,3.893
22,DSC_1053_plate14.JPG,14,258,72.806,240.451,0.056,0,6.263,0.16,0.178,255,0,0
23,DSC_1053_plate14.JPG,14,308,82.114,389.907,0.025,0,8.778,0.114,0.107,255,0,0
24,DSC_1053_plate14.JPG,14,224,93.839,101.012,0.276,0,2.998,0.334,0.723,255,0,0
25,DSC_1053_plate14.JPG,14,211,90.63,97.941,0.276,0,5.858,0.171,0.773,253.626,0.976,0.882
26,DSC_1053_plate14.JPG,14,135,71.985,151.598,0.074,0,21.099,0.047,0.389,255,0,0
1,DSC_1052_plate15.JPG,15,183,94.847,67.598,0.503,0,3.493,0.286,0.83,255,0,0
2,DSC_1052_plate15.JPG,15,280,98.2,147.095,0.163,0,4.724,0.212,0.366,255,0,0
3,DSC_1052_plate15.JPG,15,3620,61.304,404.558,0.278,0,1.589,0.629,0.617,255,0,0
4,DSC_1052_plate15.JPG,15,2000,69.636,300.818,0.278,0,1.361,0.735,0.752,254.927,0.048,0.044
5,DSC_1052_plate15.JPG,15,106,104.151,95.095,0.147,0,14.425,0.069,0.631,255,0,0
6,DSC_1052_plate15.JPG,15,4000,61.66,316.676,0.501,0,1.414,0.707,0.827,254.81,0.134,0.102
7,DSC_1052_plate15.JPG,15,809,66.033,122.953,0.672,0,1.168,0.856,0.87,255,0,0
8,DSC_1052_plate15.JPG,15,1590,77.714,168.409,0.704,0,1.554,0.644,0.91,255,0,0
9,DSC_1052_plate15.JPG,15,152,80.658,60.184,0.527,0,2.478,0.404,0.724,255,0,0
10,DSC_1052_plate15.JPG,15,2165,66.895,220.794,0.558,0,1.495,0.669,0.837,254.817,0.168,0.135
11,DSC_1052_plate15.JPG,15,190,86.342,74.912,0.425,0,1.768,0.566,0.744,249.411,2.463,2.084
12,DSC_1052_plate15.JPG,15,1651,82.125,205.865,0.49,0,1.735,0.576,0.865,254.785,0.104,0.088
13,DSC_1052_plate15.JPG,15,211,84.796,84.569,0.371,0,3.62,0.276,0.72,255,0,0
14,DSC_1052_plate15.JPG,15,330,65.936,71.012,0.822,0,1.128,0.886,0.909,255,0,0
15,DSC_1052_plate15.JPG,15,106,80.245,40.042,0.831,0,1.413,0.708,0.895,255,0,0
16,DSC_1052_plate15.JPG,15,937,76.641,243.463,0.199,0,1.643,0.609,0.683,252.216,1.143,0.974
17,DSC_1052_plate15.JPG,15,4150,64.353,269.179,0.72,0,1.668,0.599,0.936,255,0,0
18,DSC_1052_plate15.JPG,15,5934,56.352,449.428,0.369,0,1.185,0.844,0.793,255,0,0
19,DSC_1052_plate15.JPG,15,2158,75.309,252.25,0.426,0,1.41,0.709,0.711,255,0,0
20,DSC_1052_plate15.JPG,15,229,91.812,101.882,0.277,0,4.553,0.22,0.663,255,0,0
21,DSC_1052_plate15.JPG,15,153,104.431,69.255,0.401,0,4.036,0.248,0.767,255,0,0
22,DSC_1052_plate15.JPG,15,121,107.479,96.468,0.163,0,2.457,0.407,0.484,253.702,0.926,1
23,DSC_1052_plate15.JPG,15,1207,69.807,178.066,0.478,0,1.217,0.821,0.803,255,0,0
24,DSC_1052_plate15.JPG,15,4151,55.124,399.63,0.327,0,1.673,0.598,0.759,254.802,0.106,0.092
25,DSC_1052_plate15.JPG,15,1323,75.056,224.25,0.331,0,1.646,0.608,0.66,255,0,0
26,DSC_1052_plate15.JPG,15,1023,69.802,171.723,0.436,0,1.127,0.888,0.782,254.69,0.181,0.159
27,DSC_1052_plate15.JPG,15,478,65.674,81.497,0.904,0,1.204,0.831,0.944,255,0,0
28,DSC_1052_plate15.JPG,15,314,81.943,69.598,0.815,0,1.214,0.823,0.915,255,0,0
29,DSC_1052_plate15.JPG,15,255,84.396,71.255,0.631,0,1.454,0.688,0.824,255,0,0
30,DSC_1052_plate15.JPG,15,115,90.035,83.355,0.208,0,5.676,0.176,0.569,255,0,0
31,DSC_1052_plate15.JPG,15,213,39.07,165.338,0.098,0,9.646,0.104,0.423,255,0,0
1,DSC_1051_plate16.JPG,16,3921,53.885,296.149,0.562,0,1.917,0.522,0.875,255,0,0
2,DSC_1051_plate16.JPG,16,875,72.295,133.196,0.62,0,1.556,0.643,0.865,255,0,0
3,DSC_1051_plate16.JPG,16,154,89.071,64.426,0.466,0,1.694,0.59,0.776,255,0,0
4,DSC_1051_plate16.JPG,16,273,73.802,69.012,0.72,0,1.317,0.759,0.864,255,0,0
5,DSC_1051_plate16.JPG,16,183,74.12,55.698,0.741,0,1.594,0.627,0.886,255,0,0
6,DSC_1051_plate16.JPG,16,2208,62.125,256.007,0.423,0,1.724,0.58,0.827,254.929,0.043,0.038
7,DSC_1051_plate16.JPG,16,2839,67.302,257.421,0.538,0,2.137,0.468,0.879,254.938,0.028,0.024
8,DSC_1051_plate16.JPG,16,236,80.924,65.355,0.694,0,1.185,0.844,0.861,255,0,0
9,DSC_1051_plate16.JPG,16,3815,68.276,266.492,0.675,0,1.81,0.552,0.92,255,0,0
10,DSC_1051_plate16.JPG,16,3651,62.375,306.191,0.489,0,1.368,0.731,0.879,255,0,0
11,DSC_1051_plate16.JPG,16,1139,88.886,191.38,0.391,0,1.515,0.66,0.707,255,0,0
12,DSC_1051_plate16.JPG,16,257,71.327,64.284,0.782,0,1.201,0.833,0.919,255,0,0
13,DSC_1051_plate16.JPG,16,847,87.834,201.522,0.262,0,1.222,0.818,0.717,254.791,0.099,0.085
14,DSC_1051_plate16.JPG,16,3588,57.46,283.605,0.561,0,1.699,0.588,0.877,255,0,0
15,DSC_1051_plate16.JPG,16,482,59.421,99.154,0.616,0,2.251,0.444,0.884,255,0,0
16,DSC_1051_plate16.JPG,16,307,77.762,86.527,0.515,0,3.342,0.299,0.881,255,0,0
17,DSC_1051_plate16.JPG,16,4601,70.419,338.132,0.506,0,1.106,0.904,0.853,254.937,0.045,0.04
18,DSC_1051_plate16.JPG,16,2377,73.07,217.38,0.632,0,1.136,0.88,0.889,255,0,0
19,DSC_1051_plate16.JPG,16,304,86.53,78.669,0.617,0,2.567,0.39,0.86,255,0,0
20,DSC_1051_plate16.JPG,16,1297,67.002,152.167,0.704,0,1.59,0.629,0.878,255,0,0
21,DSC_1051_plate16.JPG,16,739,67.859,112.711,0.731,0,1.722,0.581,0.898,255,0,0
22,DSC_1051_plate16.JPG,16,193,99.751,86.912,0.321,0,1.745,0.573,0.712,255,0,0
23,DSC_1051_plate16.JPG,16,170,86.159,55.355,0.697,0,1.358,0.736,0.863,255,0,0
24,DSC_1051_plate16.JPG,16,115,77.722,59.113,0.414,0,3.974,0.252,0.73,255,0,0
25,DSC_1051_plate16.JPG,16,116,87.155,134.042,0.081,0,30.559,0.033,0.73,255,0,0
26,DSC_1051_plate16.JPG,16,117,90.538,135.556,0.08,0,31.721,0.032,0.9,255,0,0
27,DSC_1051_plate16.JPG,16,132,85.894,152.042,0.072,0,32.081,0.031,0.614,255,0,0
28,DSC_1051_plate16.JPG,16,183,82.164,241.698,0.039,0,52.673,0.019,0.626,255,0,0
1,DSC_1050_plate17.JPG,17,1199,71.553,162.167,0.573,0,1.437,0.696,0.896,253.509,0.662,0.564
2,DSC_1050_plate17.JPG,17,1034,65.544,155.238,0.539,0,1.459,0.685,0.807,255,0,0
3,DSC_1050_plate17.JPG,17,1629,68.705,189.48,0.57,0,1.198,0.835,0.84,254.893,0.044,0.04
4,DSC_1050_plate17.JPG,17,2069,66.233,227.664,0.502,0,2.064,0.485,0.854,255,0,0
5,DSC_1050_plate17.JPG,17,409,74.093,85.397,0.705,0,1.72,0.582,0.871,255,0,0
6,DSC_1050_plate17.JPG,17,213,88.977,101.64,0.259,0,4.133,0.242,0.665,255,0,0
7,DSC_1050_plate17.JPG,17,2952,60.452,264.149,0.532,0,1.346,0.743,0.872,255,0,0
8,DSC_1050_plate17.JPG,17,195,80.487,59.255,0.698,0,1.159,0.863,0.839,255,0,0
9,DSC_1050_plate17.JPG,17,123,76.146,41.213,0.91,0,1.26,0.794,0.928,255,0,0
10,DSC_1050_plate17.JPG,17,276,81.04,65.841,0.8,0,1.447,0.691,0.89,255,0,0
11,DSC_1050_plate17.JPG,17,160,88.9,58.184,0.594,0,1.276,0.784,0.851,255,0,0
12,DSC_1050_plate17.JPG,17,931,75.387,168.752,0.411,0,1.521,0.657,0.839,254.625,0.173,0.147
13,DSC_1050_plate17.JPG,17,2153,47.498,219.865,0.56,0,1.422,0.703,0.847,255,0,0
14,DSC_1050_plate17.JPG,17,1487,64.306,189.137,0.522,0,1.401,0.714,0.795,255,0,0
15,DSC_1050_plate17.JPG,17,907,77.752,154.409,0.478,0,1.442,0.694,0.774,254.825,0.101,0.089
16,DSC_1050_plate17.JPG,17,3218,63.646,376.517,0.285,0,1.106,0.904,0.691,253.945,0.604,0.488
17,DSC_1050_plate17.JPG,17,138,85.399,179.539,0.054,0,16.282,0.061,0.339,255,0,0
18,DSC_1050_plate17.JPG,17,3177,69.331,441.529,0.205,0,2.297,0.435,0.702,254.91,0.068,0.059
19,DSC_1050_plate17.JPG,17,2914,54.423,335.345,0.326,0,1.158,0.863,0.688,254.636,0.322,0.236
20,DSC_1050_plate17.JPG,17,1306,72.799,179.723,0.508,0,1.628,0.614,0.815,252.489,1.319,1.181
21,DSC_1050_plate17.JPG,17,173,85.347,156.551,0.089,0,19.218,0.052,0.507,255,0,0
22,DSC_1050_plate17.JPG,17,1850,60.807,210.451,0.525,0,1.289,0.776,0.853,255,0,0
23,DSC_1050_plate17.JPG,17,161,62.509,144.409,0.097,0,15.281,0.065,0.461,255,0,0
24,DSC_1050_plate17.JPG,17,312,50.974,320.593,0.038,0,5.697,0.176,0.149,255,0,0
25,DSC_1050_plate17.JPG,17,174,69.443,192.468,0.059,0,9.69,0.103,0.279,255,0,0
26,DSC_1050_plate17.JPG,17,383,84.29,184.652,0.141,0,7.962,0.126,0.545,253.339,0.961,0.856
1,DSC_1049_plate18.JPG,18,147,34.626,122.326,0.123,0,5.438,0.184,0.545,230.265,3.374,3.905
2,DSC_1049_plate18.JPG,18,2973,55.289,268.291,0.519,0,1.421,0.704,0.874,254.826,0.16,0.136
3,DSC_1049_plate18.JPG,18,849,77.589,123.539,0.699,0,1.572,0.636,0.902,255,0,0
4,DSC_1049_plate18.JPG,18,2487,67.299,254.149,0.484,0,1.517,0.659,0.855,254.929,0.031,0.027
5,DSC_1049_plate18.JPG,18,222,68.662,62.184,0.721,0,1.791,0.558,0.884,255,0,0
6,DSC_1049_plate18.JPG,18,1092,70.537,173.238,0.457,0,1.112,0.899,0.827,253.343,0.709,0.609
7,DSC_1049_plate18.JPG,18,159,85.119,176.409,0.064,0,10.011,0.1,0.26,255,0,0
8,DSC_1049_plate18.JPG,18,133,88.602,67.255,0.37,0,1.335,0.749,0.704,255,0,0
9,DSC_1049_plate18.JPG,18,5461,58.047,391.688,0.447,0,1.733,0.577,0.833,254.621,0.417,0.307
10,DSC_1049_plate18.JPG,18,3232,64.005,538.233,0.14,0,1.882,0.531,0.413,255,0,0
11,DSC_1049_plate18.JPG,18,3851,67.359,488.541,0.203,0,1.462,0.684,0.502,254.959,0.024,0.021
12,DSC_1049_plate18.JPG,18,154,83.734,46.87,0.881,0,1.449,0.69,0.906,253.968,0.597,0.526
13,DSC_1049_plate18.JPG,18,396,65.636,80.569,0.767,0,1.355,0.738,0.896,255,0,0
14,DSC_1049_plate18.JPG,18,684,67.235,129.196,0.515,0,1.416,0.706,0.842,255,0,0
15,DSC_1049_plate18.JPG,18,1057,86.728,141.782,0.661,0,1.144,0.874,0.881,252.675,1.898,1.544
16,DSC_1049_plate18.JPG,18,101,88.564,60.083,0.352,0,5.918,0.169,0.74,255,0,0
17,DSC_1049_plate18.JPG,18,170,94.094,114.468,0.163,0,5.006,0.2,0.57,255,0,0
18,DSC_1049_plate18.JPG,18,543,82.552,99.154,0.694,0,1.226,0.815,0.869,255,0,0
19,DSC_1049_plate18.JPG,18,1540,71.718,163.338,0.725,0,1.416,0.706,0.915,254.884,0.05,0.042
20,DSC_1049_plate18.JPG,18,1361,72.099,172.995,0.571,0,1.663,0.601,0.851,255,0,0
21,DSC_1049_plate18.JPG,18,290,83.307,292.576,0.043,0,8.613,0.116,0.171,255,0,0
22,DSC_1049_plate18.JPG,18,1125,72.598,146.368,0.66,0,1.254,0.797,0.897,254.296,0.412,0.363
23,DSC_1049_plate18.JPG,18,4130,62.675,342.09,0.443,0,2.214,0.452,0.833,250.901,4.431,3.782
24,DSC_1049_plate18.JPG,18,216,79.181,86.912,0.359,0,1.483,0.674,0.654,255,0,0
25,DSC_1049_plate18.JPG,18,2397,61.177,247.563,0.491,0,1.218,0.821,0.837,254.273,0.426,0.378
26,DSC_1049_plate18.JPG,18,5207,48.732,557.144,0.211,0,2.004,0.499,0.539,254.799,0.19,0.11
27,DSC_1049_plate18.JPG,18,208,63.221,54.77,0.871,0,1.424,0.702,0.914,255,0,0
28,DSC_1049_plate18.JPG,18,3097,58.204,260.735,0.572,0,1.381,0.724,0.864,254.907,0.069,0.06
29,DSC_1049_plate18.JPG,18,1070,65.856,175.823,0.435,0,1.258,0.795,0.746,254.681,0.15,0.134
30,DSC_1049_plate18.JPG,18,104,79.442,122.066,0.088,0,17.064,0.059,0.418,255,0,0
31,DSC_1049_plate18.JPG,18,116,97.405,125.397,0.093,0,17.578,0.057,0.492,255,0,0
32,DSC_1049_plate18.JPG,18,133,82.173,151.983,0.072,0,9.884,0.101,0.291,255,0,0
33,DSC_1049_plate18.JPG,18,161,68.82,173.338,0.067,0,13.605,0.074,0.329,255,0,0
34,DSC_1049_plate18.JPG,18,128,79.164,135.698,0.087,0,13.909,0.072,0.49,255,0,0
35,DSC_1049_plate18.JPG,18,242,88.645,122.652,0.202,0,9.694,0.103,0.695,255,0,0
36,DSC_1049_plate18.JPG,18,112,98.295,61.113,0.377,0,4.634,0.216,0.803,255,0,0
37,DSC_1049_plate18.JPG,18,278,92.576,182.35,0.105,0,14.486,0.069,0.512,255,0,0
1,DSC_1048_plate19.JPG,19,199,38.362,160.368,0.097,0,5.548,0.18,0.497,255,0,0
2,DSC_1048_plate19.JPG,19,576,90.648,482.156,0.031,0,4.209,0.238,0.087,250.219,4.493,2.53
3,DSC_1048_plate19.JPG,19,131,97.023,142.853,0.081,0,17.082,0.059,0.423,255,0,0
4,DSC_1048_plate19.JPG,19,1942,62.249,169.581,0.849,0,1.161,0.861,0.951,255,0,0
5,DSC_1048_plate19.JPG,19,1468,62.488,155.924,0.759,0,1.301,0.768,0.928,254.637,0.316,0.26
6,DSC_1048_plate19.JPG,19,2893,58.612,243.522,0.613,0,1.507,0.664,0.892,254.954,0.04,0.031
7,DSC_1048_plate19.JPG,19,5534,48.866,400.558,0.433,0,1.647,0.607,0.789,255,0,0
8,DSC_1048_plate19.JPG,19,4193,59.969,343.061,0.448,0,1.695,0.59,0.835,252.634,1.389,1.206
9,DSC_1048_plate19.JPG,19,443,66.874,82.569,0.817,0,1.161,0.862,0.911,255,0,0
10,DSC_1048_plate19.JPG,19,105,84.99,36.627,0.984,0,1.158,0.864,0.921,255,0,0
11,DSC_1048_plate19.JPG,19,1751,61.374,167.823,0.781,0,1.401,0.714,0.944,254.57,0.287,0.252
12,DSC_1048_plate19.JPG,19,2624,60.037,237.321,0.585,0,1.089,0.918,0.837,255,0,0
13,DSC_1048_plate19.JPG,19,2208,67.565,268.108,0.386,0,1.476,0.677,0.692,255,0,0
14,DSC_1048_plate19.JPG,19,2547,61.574,240.693,0.552,0,1.423,0.703,0.85,255,0,0
15,DSC_1048_plate19.JPG,19,2422,75.678,217.522,0.643,0,1.621,0.617,0.901,254.889,0.103,0.08
16,DSC_1048_plate19.JPG,19,148,85.169,55.355,0.607,0,1.423,0.703,0.848,255,0,0
17,DSC_1048_plate19.JPG,19,119,52.378,78.426,0.243,0,1.468,0.681,0.64,255,0,0
18,DSC_1048_plate19.JPG,19,3116,58.147,270.836,0.534,0,1.695,0.59,0.847,255,0,0
19,DSC_1048_plate19.JPG,19,1102,72.293,137.439,0.733,0,1.133,0.883,0.92,255,0,0
20,DSC_1048_plate19.JPG,19,188,87.048,71.255,0.465,0,1.599,0.625,0.709,255,0,0
21,DSC_1048_plate19.JPG,19,932,94.323,482.86,0.05,0,3.697,0.27,0.142,254.567,0.385,0.267
22,DSC_1048_plate19.JPG,19,781,83.141,117.397,0.712,0,1.394,0.717,0.912,255,0,0
23,DSC_1048_plate19.JPG,19,1624,56.552,191.238,0.558,0,1.293,0.774,0.822,255,0,0
24,DSC_1048_plate19.JPG,19,3386,61.485,300.233,0.472,0,1.399,0.715,0.845,254.698,0.304,0.207
25,DSC_1048_plate19.JPG,19,2179,66.272,198.794,0.693,0,1.282,0.78,0.902,255,0,0
26,DSC_1048_plate19.JPG,19,363,79.909,73.841,0.837,0,1.039,0.962,0.903,255,0,0
27,DSC_1048_plate19.JPG,19,111,92.784,66.669,0.314,0,1.914,0.523,0.577,255,0,0
28,DSC_1048_plate19.JPG,19,177,91.09,158.225,0.089,0,10.877,0.092,0.395,255,0,0
29,DSC_1048_plate19.JPG,19,3206,53.055,289.463,0.481,0,1.262,0.793,0.869,254.954,0.032,0.028
30,DSC_1048_plate19.JPG,19,371,83.466,147.581,0.214,0,2.021,0.495,0.551,255,0,0
31,DSC_1048_plate19.JPG,19,1121,76.851,142.752,0.691,0,1.99,0.502,0.914,255,0,0
32,DSC_1048_plate19.JPG,19,132,98.227,55.841,0.532,0,1.914,0.522,0.752,255,0,0
33,DSC_1048_plate19.JPG,19,187,67.775,184.309,0.069,0,8.284,0.121,0.243,255,0,0
34,DSC_1048_plate19.JPG,19,179,63.011,155.681,0.093,0,14.647,0.068,0.441,255,0,0
35,DSC_1048_plate19.JPG,19,140,73.721,144.368,0.084,0,16.094,0.062,0.379,255,0,0
36,DSC_1048_plate19.JPG,19,150,97.7,135.723,0.102,0,17.317,0.058,0.515,255,0,0
37,DSC_1048_plate19.JPG,19,211,76.664,208.184,0.061,0,19.55,0.051,0.448,255,0,0
38,DSC_1048_plate19.JPG,19,292,80.072,134.953,0.201,0,5.689,0.176,0.711,242.702,10.014,8.065
1,DSC_1047_plate20.JPG,20,137,38.737,118.811,0.122,0,4.264,0.235,0.388,255,0,0
2,DSC_1047_plate20.JPG,20,336,83.991,105.64,0.378,0,1.46,0.685,0.718,242.536,5.339,4.881
3,DSC_1047_plate20.JPG,20,207,75.164,85.154,0.359,0,2.144,0.466,0.654,255,0,0
4,DSC_1047_plate20.JPG,20,432,71.59,99.296,0.551,0,1.149,0.87,0.814,254.606,0.188,0.167
5,DSC_1047_plate20.JPG,20,2968,56.799,242.936,0.632,0,1.864,0.536,0.91,254.602,0.185,0.168
6,DSC_1047_plate20.JPG,20,827,63.773,132.711,0.59,0,1.933,0.517,0.892,255,0,0
7,DSC_1047_plate20.JPG,20,260,62.492,70.184,0.663,0,2.1,0.476,0.878,255,0,0
8,DSC_1047_plate20.JPG,20,1169,48.015,193.238,0.393,0,1.481,0.675,0.861,254.383,0.238,0.21
9,DSC_1047_plate20.JPG,20,1004,80.059,186.208,0.364,0,1.193,0.838,0.757,247.625,2.658,2.272
10,DSC_1047_plate20.JPG,20,2621,74.05,356.617,0.259,0,2.772,0.361,0.651,255,0,0
11,DSC_1047_plate20.JPG,20,2620,58.876,268.392,0.457,0,1.688,0.592,0.768,254.889,0.079,0.071
12,DSC_1047_plate20.JPG,20,111,47.613,64.083,0.34,0,2.948,0.339,0.615,253.09,0.441,0.441
13,DSC_1047_plate20.JPG,20,739,67.701,112.953,0.728,0,1.32,0.758,0.901,253.386,1.419,1.078
14,DSC_1047_plate20.JPG,20,1476,53.112,149.196,0.833,0,1.06,0.943,0.946,255,0,0
15,DSC_1047_plate20.JPG,20,2640,63.635,246.35,0.547,0,1.677,0.596,0.892,254.213,0.353,0.317
16,DSC_1047_plate20.JPG,20,770,88.191,131.539,0.559,0,1.742,0.574,0.869,255,0,0
17,DSC_1047_plate20.JPG,20,320,63.994,68.426,0.859,0,1.01,0.99,0.91,255,0,0
18,DSC_1047_plate20.JPG,20,4331,50.27,295.706,0.622,0,1.691,0.591,0.906,255,0,0
19,DSC_1047_plate20.JPG,20,130,47,67.012,0.364,0,1.414,0.707,0.691,245.131,2.254,2.546
20,DSC_1047_plate20.JPG,20,3869,60.005,388.032,0.323,0,1.753,0.57,0.754,254.957,0.023,0.02
21,DSC_1047_plate20.JPG,20,125,83.944,139.924,0.08,0,12.805,0.078,0.338,255,0,0
22,DSC_1047_plate20.JPG,20,302,82.685,115.196,0.286,0,1.464,0.683,0.641,253.351,0.828,0.738
23,DSC_1047_plate20.JPG,20,2030,66.68,193.622,0.68,0,1.224,0.817,0.88,255,0,0
24,DSC_1047_plate20.JPG,20,392,61.413,283.99,0.061,0,7.678,0.13,0.225,255,0,0
25,DSC_1047_plate20.JPG,20,124,67.435,120.184,0.108,0,16.751,0.06,0.565,255,0,0
26,DSC_1047_plate20.JPG,20,164,84.579,136.309,0.111,0,13.53,0.074,0.495,255,0,0
27,DSC_1047_plate20.JPG,20,457,63.214,347.806,0.047,0,25.887,0.039,0.393,254.643,0.173,0.153
28,DSC_1047_plate20.JPG,20,1660,92.064,601.671,0.058,0,3.114,0.321,0.138,255,0,0
29,DSC_1047_plate20.JPG,20,660,70.389,295.706,0.095,0,11.288,0.089,0.448,254.797,0.168,0.13
30,DSC_1047_plate20.JPG,20,149,28.691,101.054,0.183,0,3.17,0.315,0.454,250.376,0.611,0.691
31,DSC_1047_plate20.JPG,20,103,84.65,119.556,0.091,0,21.336,0.047,0.658,255,0,0
32,DSC_1047_plate20.JPG,20,156,88.372,153.012,0.084,0,17.058,0.059,0.45,255,0,0
1,DSC_1046_plate21.JPG,21,140,50.736,80.912,0.269,0,1.359,0.736,0.631,255,0,0
2,DSC_1046_plate21.JPG,21,172,56.023,77.841,0.357,0,1.854,0.539,0.708,251.372,0.977,1.099
3,DSC_1046_plate21.JPG,21,143,35.21,77.497,0.299,0,1.371,0.729,0.667,237.629,2.531,2.944
4,DSC_1046_plate21.JPG,21,1874,51.89,178.51,0.739,0,1.461,0.684,0.928,255,0,0
5,DSC_1046_plate21.JPG,21,770,58.294,122.368,0.646,0,1.734,0.577,0.881,255,0,0
6,DSC_1046_plate21.JPG,21,420,85.771,124.51,0.34,0,1.595,0.627,0.741,255,0,0
7,DSC_1046_plate21.JPG,21,702,78.456,129.782,0.524,0,1.114,0.897,0.809,255,0,0
8,DSC_1046_plate21.JPG,21,497,65.946,137.439,0.331,0,1.555,0.643,0.791,253.519,0.596,0.507
9,DSC_1046_plate21.JPG,21,329,81.574,80.569,0.637,0,1.301,0.769,0.862,255,0,0
10,DSC_1046_plate21.JPG,21,948,54.231,126.953,0.739,0,1.081,0.925,0.905,255,0,0
11,DSC_1046_plate21.JPG,21,310,75.181,86.569,0.52,0,1.41,0.709,0.818,255,0,0
12,DSC_1046_plate21.JPG,21,141,70.163,46.527,0.819,0,1.196,0.836,0.876,255,0,0
13,DSC_1046_plate21.JPG,21,166,78.584,123.823,0.136,0,9.479,0.105,0.575,255,0,0
14,DSC_1046_plate21.JPG,21,2560,62.537,269.505,0.443,0,1.61,0.621,0.797,255,0,0
15,DSC_1046_plate21.JPG,21,3974,57.316,565.813,0.156,0,3.106,0.322,0.434,255,0,0
16,DSC_1046_plate21.JPG,21,126,87.056,43.799,0.825,0,1.483,0.674,0.906,255,0,0
17,DSC_1046_plate21.JPG,21,3689,56.254,384.659,0.313,0,1.145,0.874,0.664,254.957,0.023,0.021
18,DSC_1046_plate21.JPG,21,2973,70.68,242.208,0.637,0,1.291,0.774,0.917,255,0,0
19,DSC_1046_plate21.JPG,21,633,68.774,105.882,0.71,0,1.191,0.84,0.904,255,0,0
20,DSC_1046_plate21.JPG,21,334,67.557,72.912,0.79,0,1.845,0.542,0.915,255,0,0
21,DSC_1046_plate21.JPG,21,1982,49.84,217.622,0.526,0,1.955,0.511,0.852,254.917,0.046,0.039
22,DSC_1046_plate21.JPG,21,135,102.704,118.77,0.12,0,14.411,0.069,0.576,255,0,0
23,DSC_1046_plate21.JPG,21,2981,66.111,376.274,0.265,0,1.714,0.583,0.647,254.776,0.202,0.153
24,DSC_1046_plate21.JPG,21,1590,70.71,174.995,0.652,0,1.685,0.593,0.875,254.912,0.069,0.061
25,DSC_1046_plate21.JPG,21,2121,65.123,204.451,0.638,0,1.337,0.748,0.897,255,0,0
26,DSC_1046_plate21.JPG,21,1904,67.887,232.108,0.444,0,1.546,0.647,0.821,255,0,0
27,DSC_1046_plate21.JPG,21,2844,58.102,282.978,0.446,0,1.91,0.524,0.854,254.953,0.041,0.019
28,DSC_1046_plate21.JPG,21,164,87.159,106.953,0.18,0,1.563,0.64,0.511,251.14,2.207,1.994
29,DSC_1046_plate21.JPG,21,146,56.719,83.74,0.262,0,2.715,0.368,0.593,247.685,1.897,2.274
30,DSC_1046_plate21.JPG,21,136,78.618,85.841,0.232,0,3.927,0.255,0.584,253.625,0.574,0.64
31,DSC_1046_plate21.JPG,21,101,40.069,85.497,0.174,0,3.599,0.278,0.486,255,0,0
32,DSC_1046_plate21.JPG,21,146,66.178,109.012,0.154,0,12.821,0.078,0.8,255,0,0
33,DSC_1046_plate21.JPG,21,106,86.538,99.698,0.134,0,17.148,0.058,0.779,255,0,0
34,DSC_1046_plate21.JPG,21,111,46.423,90.971,0.169,0,8.749,0.114,0.636,255,0,0
1,DSC_1045_plate22.JPG,22,2921,57.724,241.179,0.631,0,1.654,0.604,0.888,255,0,0
2,DSC_1045_plate22.JPG,22,594,74.726,147.095,0.345,0,2.264,0.442,0.787,244.715,4.843,4.374
3,DSC_1045_plate22.JPG,22,5088,57.073,571.328,0.196,0,3.234,0.309,0.58,255,0,0
4,DSC_1045_plate22.JPG,22,4407,44.023,342.007,0.473,0,1.618,0.618,0.833,254.915,0.031,0.026
5,DSC_1045_plate22.JPG,22,197,76.269,75.255,0.437,0,1.837,0.544,0.742,253.391,0.909,0.827
6,DSC_1045_plate22.JPG,22,172,83.709,114.912,0.164,0,11.419,0.088,0.65,255,0,0
7,DSC_1045_plate22.JPG,22,1861,66.564,225.321,0.461,0,1.725,0.58,0.819,255,0,0
8,DSC_1045_plate22.JPG,22,1833,48.189,183.338,0.685,0,1.433,0.698,0.922,255,0,0
9,DSC_1045_plate22.JPG,22,4656,61.236,636.382,0.144,0,2.12,0.472,0.382,255,0,0
10,DSC_1045_plate22.JPG,22,1509,51.915,182.652,0.568,0,1.635,0.612,0.88,254.913,0.078,0.064
11,DSC_1045_plate22.JPG,22,201,94.393,54.527,0.85,0,1.296,0.771,0.912,255,0,0
12,DSC_1045_plate22.JPG,22,1719,64.119,177.723,0.684,0,1.534,0.652,0.916,255,0,0
13,DSC_1045_plate22.JPG,22,1927,72.736,221.179,0.495,0,1.571,0.637,0.852,254.904,0.043,0.038
14,DSC_1045_plate22.JPG,22,490,81.351,97.74,0.645,0,1.352,0.74,0.831,255,0,0
15,DSC_1045_plate22.JPG,22,118,77.941,117.355,0.108,0,14.943,0.067,0.526,255,0,0
16,DSC_1045_plate22.JPG,22,5479,62.014,537.068,0.239,0,1.667,0.6,0.598,255,0,0
17,DSC_1045_plate22.JPG,22,3895,61.199,366.517,0.364,0,1.779,0.562,0.844,255,0,0
18,DSC_1045_plate22.JPG,22,432,69.25,96.569,0.582,0,1.304,0.767,0.84,255,0,0
19,DSC_1045_plate22.JPG,22,263,67.529,68.426,0.706,0,1.152,0.868,0.887,255,0,0
20,DSC_1045_plate22.JPG,22,4709,59.621,502.742,0.234,0,1.529,0.654,0.654,254.931,0.038,0.033
21,DSC_1045_plate22.JPG,22,345,91.307,265.581,0.061,0,7.093,0.141,0.28,255,0,0
22,DSC_1045_plate22.JPG,22,3732,48.054,384.517,0.317,0,1.182,0.846,0.696,254.894,0.097,0.061
23,DSC_1045_plate22.JPG,22,763,74.286,117.296,0.697,0,1.175,0.851,0.901,255,0,0
24,DSC_1045_plate22.JPG,22,676,77.731,120.711,0.583,0,1.45,0.689,0.834,255,0,0
25,DSC_1045_plate22.JPG,22,757,59.938,110.326,0.782,0,1.143,0.875,0.903,255,0,0
26,DSC_1045_plate22.JPG,22,143,37.93,88.811,0.228,0,2.283,0.438,0.51,230.105,4.126,4.559
27,DSC_1045_plate22.JPG,22,270,64.074,230.978,0.064,0,4.147,0.241,0.227,255,0,0
28,DSC_1045_plate22.JPG,22,118,66.432,119.054,0.105,0,14.781,0.068,0.459,255,0,0
29,DSC_1045_plate22.JPG,22,145,63.966,127.054,0.113,0,6.092,0.164,0.319,255,0,0
30,DSC_1045_plate22.JPG,22,155,66.206,167.497,0.069,0,13.475,0.074,0.344,255,0,0
31,DSC_1045_plate22.JPG,22,136,83.566,73.355,0.318,0,5.402,0.185,0.737,255,0,0
1,DSC_1042_plate23.JPG,23,184,35.935,100.569,0.229,0,4.568,0.219,0.641,255,0,0
2,DSC_1042_plate23.JPG,23,105,38.238,79.74,0.208,0,4.968,0.201,0.513,255,0,0
3,DSC_1042_plate23.JPG,23,4118,56.527,414.801,0.301,0,1.298,0.771,0.8,254.71,0.196,0.163
4,DSC_1042_plate23.JPG,23,1601,58.382,182.894,0.601,0,1.285,0.778,0.842,255,0,0
5,DSC_1042_plate23.JPG,23,388,65.729,93.983,0.552,0,1.202,0.832,0.842,251.394,1.637,1.415
6,DSC_1042_plate23.JPG,23,249,76.458,79.497,0.495,0,1.231,0.812,0.764,255,0,0
7,DSC_1042_plate23.JPG,23,123,82.106,53.941,0.531,0,1.405,0.712,0.778,255,0,0
8,DSC_1042_plate23.JPG,23,774,53.669,124.711,0.625,0,1.85,0.541,0.866,255,0,0
9,DSC_1042_plate23.JPG,23,120,79.283,61.355,0.401,0,1.093,0.915,0.734,253.517,0.617,0.542
10,DSC_1042_plate23.JPG,23,125,74.032,43.456,0.832,0,1.029,0.972,0.896,255,0,0
11,DSC_1042_plate23.JPG,23,352,63.722,71.598,0.863,0,1.402,0.713,0.937,255,0,0
12,DSC_1042_plate23.JPG,23,1491,69.818,179.48,0.582,0,1.597,0.626,0.889,254.801,0.142,0.121
13,DSC_1042_plate23.JPG,23,1752,58.223,170.652,0.756,0,1.123,0.89,0.918,255,0,0
14,DSC_1042_plate23.JPG,23,921,75.455,128.468,0.701,0,1.385,0.722,0.892,255,0,0
15,DSC_1042_plate23.JPG,23,3298,58.466,405.973,0.251,0,1.167,0.857,0.53,255,0,0
16,DSC_1042_plate23.JPG,23,3642,60.492,329.463,0.422,0,1.616,0.619,0.844,255,0,0
17,DSC_1042_plate23.JPG,23,972,77.077,148.267,0.556,0,1.11,0.901,0.864,254.846,0.109,0.093
18,DSC_1042_plate23.JPG,23,671,69.918,146.409,0.393,0,1.07,0.935,0.721,254.763,0.133,0.121
19,DSC_1042_plate23.JPG,23,118,70.856,52.527,0.537,0,1.898,0.527,0.808,255,0,0
20,DSC_1042_plate23.JPG,23,501,61.01,95.397,0.692,0,1.594,0.627,0.888,255,0,0
21,DSC_1042_plate23.JPG,23,1198,73.27,158.167,0.602,0,1.379,0.725,0.904,250.795,2.482,2.13
22,DSC_1042_plate23.JPG,23,235,77.77,67.497,0.648,0,1.492,0.67,0.836,255,0,0
23,DSC_1042_plate23.JPG,23,1770,51.964,177.338,0.707,0,1.638,0.611,0.925,255,0,0
24,DSC_1042_plate23.JPG,23,114,80.096,77.799,0.237,0,6.784,0.147,0.699,255,0,0
25,DSC_1042_plate23.JPG,23,229,83.105,168.149,0.102,0,18.617,0.054,0.554,255,0,0
26,DSC_1042_plate23.JPG,23,1907,63.44,332.96,0.216,0,1.469,0.681,0.772,250.995,1.107,0.954
27,DSC_1042_plate23.JPG,23,4363,46.437,453.588,0.266,0,1.473,0.679,0.654,254.889,0.066,0.056
28,DSC_1042_plate23.JPG,23,4111,54.529,332.434,0.467,0,1.985,0.504,0.834,254.929,0.054,0.045
29,DSC_1042_plate23.JPG,23,322,64.96,251.647,0.064,0,17.048,0.059,0.368,254.379,0.149,0.13
30,DSC_1042_plate23.JPG,23,1000,62.585,154.225,0.528,0,1.08,0.926,0.919,255,0,0
31,DSC_1042_plate23.JPG,23,2392,51.981,341.505,0.258,0,1.639,0.61,0.682,255,0,0
32,DSC_1042_plate23.JPG,23,475,65.274,99.983,0.597,0,2.321,0.431,0.868,255,0,0
33,DSC_1042_plate23.JPG,23,281,68.73,251.706,0.056,0,10.746,0.093,0.261,255,0,0
34,DSC_1042_plate23.JPG,23,175,51.577,140.409,0.112,0,4.728,0.212,0.404,249.977,0.943,1.057
35,DSC_1042_plate23.JPG,23,177,48.452,127.841,0.136,0,12.463,0.08,0.607,255,0,0
36,DSC_1042_plate23.JPG,23,185,93.735,101.012,0.228,0,7.244,0.138,0.69,252.589,1.508,1.351
37,DSC_1042_plate23.JPG,23,128,35.516,97.983,0.168,0,4.173,0.24,0.48,255,0,0
1,DSC_1041_plate24.JPG,24,105,74.381,100.385,0.131,0,18.581,0.054,0.82,255,0,0
2,DSC_1041_plate24.JPG,24,101,41.475,78.083,0.208,0,3.019,0.331,0.584,252.851,0.416,0.446
3,DSC_1041_plate24.JPG,24,136,77.037,71.012,0.339,0,3.38,0.296,0.642,250.978,1.824,2.022
4,DSC_1041_plate24.JPG,24,2334,61.241,329.505,0.27,0,1.398,0.715,0.588,254.885,0.105,0.054
5,DSC_1041_plate24.JPG,24,3296,50.695,422.735,0.232,0,1.494,0.669,0.531,255,0,0
6,DSC_1041_plate24.JPG,24,2033,59.34,187.137,0.73,0,1.116,0.896,0.912,255,0,0
7,DSC_1041_plate24.JPG,24,451,73.007,112.225,0.45,0,1.538,0.65,0.739,254.581,0.146,0.124
8,DSC_1041_plate24.JPG,24,260,84.346,110.61,0.267,0,1.514,0.661,0.653,255,0,0
9,DSC_1041_plate24.JPG,24,283,84.011,188.593,0.1,0,13.893,0.072,0.501,253.859,0.597,0.548
10,DSC_1041_plate24.JPG,24,140,87.65,122.284,0.118,0,13.62,0.073,0.501,255,0,0
11,DSC_1041_plate24.JPG,24,142,106.268,88.669,0.227,0,3.306,0.302,0.528,255,0,0
12,DSC_1041_plate24.JPG,24,3343,65.056,324.274,0.4,0,1.209,0.827,0.822,254.954,0.031,0.026
13,DSC_1041_plate24.JPG,24,4669,53.79,317.061,0.584,0,1.58,0.633,0.886,254.913,0.082,0.051
14,DSC_1041_plate24.JPG,24,3430,59.136,301.463,0.474,0,2.054,0.487,0.841,255,0,0
15,DSC_1041_plate24.JPG,24,797,85.774,177.966,0.316,0,1.658,0.603,0.794,253.137,1.246,1.124
16,DSC_1041_plate24.JPG,24,109,82.229,96.569,0.147,0,11.924,0.084,0.589,255,0,0
17,DSC_1041_plate24.JPG,24,117,76.991,88.284,0.189,0,7.635,0.131,0.652,255,0,0
18,DSC_1041_plate24.JPG,24,2535,69.867,425.169,0.176,0,2.721,0.367,0.478,255,0,0
19,DSC_1041_plate24.JPG,24,3639,59.223,369.505,0.335,0,1.192,0.839,0.625,254.834,0.115,0.098
20,DSC_1041_plate24.JPG,24,2302,73.166,227.421,0.559,0,1.656,0.604,0.887,254.785,0.123,0.104
21,DSC_1041_plate24.JPG,24,940,70.195,130.267,0.696,0,1.383,0.723,0.918,255,0,0
22,DSC_1041_plate24.JPG,24,3345,57.665,295.99,0.48,0,1.24,0.806,0.883,254.866,0.091,0.081
23,DSC_1041_plate24.JPG,24,737,82.084,159.581,0.364,0,1.141,0.876,0.798,248.723,3.189,2.727
24,DSC_1041_plate24.JPG,24,469,79.584,96.225,0.637,0,1.423,0.703,0.858,255,0,0
25,DSC_1041_plate24.JPG,24,115,79.739,135.196,0.079,0,12.493,0.08,0.353,255,0,0
26,DSC_1041_plate24.JPG,24,197,89.117,70.426,0.499,0,1.105,0.905,0.783,255,0,0
27,DSC_1041_plate24.JPG,24,1844,69.048,218.108,0.487,0,1.629,0.614,0.824,254.717,0.257,0.204
28,DSC_1041_plate24.JPG,24,324,67.392,331.664,0.037,0,8.806,0.114,0.158,255,0,0
29,DSC_1041_plate24.JPG,24,153,81.222,208.811,0.044,0,15.345,0.065,0.259,255,0,0
30,DSC_1041_plate24.JPG,24,197,88.949,182.368,0.074,0,18.672,0.054,0.45,255,0,0
31,DSC_1041_plate24.JPG,24,127,89.89,171.213,0.054,0,43.395,0.023,0.645,255,0,0
