roi,image,plate,area,meangray,perim,circ,perc.area,AR,round,solidity,red,green,blue
1,DSC_0970_Plate1start.JPG,1,340,88.847,184.953,0.125,0,12.572,0.08,0.602,255,0,0
2,DSC_0970_Plate1start.JPG,1,2380,86.922,237.078,0.532,0,1.529,0.654,0.905,253.793,1.577,1.188
3,DSC_0970_Plate1start.JPG,1,3251,89.163,283.12,0.51,0,1.723,0.58,0.881,253.456,2.015,1.651
4,DSC_0970_Plate1start.JPG,1,2308,98.851,320.132,0.283,0,1.874,0.534,0.829,252.844,2.785,2.116
5,DSC_0970_Plate1start.JPG,1,2352,100.562,344.032,0.25,0,2.151,0.465,0.773,252.219,3.602,2.726
6,DSC_0970_Plate1start.JPG,1,1126,109.933,227.563,0.273,0,1.15,0.869,0.807,248.671,8.469,6.813
7,DSC_0970_Plate1start.JPG,1,1111,100.064,150.167,0.619,0,1.622,0.617,0.871,254.013,1.131,1.044
8,DSC_0970_Plate1start.JPG,1,264,110.231,149.539,0.148,0,4.099,0.244,0.491,246.189,6.197,5.902
9,DSC_0970_Plate1start.JPG,1,149,106.557,84.912,0.26,0,4.02,0.249,0.591,251.94,2.013,1.913
10,DSC_0970_Plate1start.JPG,1,1564,101.628,269.99,0.27,0,1.693,0.591,0.799,249.518,7.247,5.393
11,DSC_0970_Plate1start.JPG,1,1913,107.417,255.706,0.368,0,1.998,0.5,0.843,249.675,7.195,6.016
12,DSC_0970_Plate1start.JPG,1,1067,114.895,221.22,0.274,0,1.215,0.823,0.823,245.739,13.141,10.457
13,DSC_0970_Plate1start.JPG,1,1541,105.899,273.404,0.259,0,1.645,0.608,0.816,245.596,13.158,10.662
14,DSC_0970_Plate1start.JPG,1,2248,100.316,286.96,0.343,0,1.258,0.795,0.849,248.186,9.734,7.391
15,DSC_0970_Plate1start.JPG,1,1442,111.086,219.806,0.375,0,1.131,0.884,0.843,250.226,6.339,5.331
16,DSC_0970_Plate1start.JPG,1,1066,109.155,239.362,0.234,0,1.862,0.537,0.744,243.324,16.581,12.976
17,DSC_0970_Plate1start.JPG,1,608,116.906,143.581,0.371,0,1.476,0.677,0.809,249.985,6.844,5.806
18,DSC_0970_Plate1start.JPG,1,446,113.751,150.309,0.248,0,1.352,0.74,0.737,247.397,10.253,8.081
19,DSC_0970_Plate1start.JPG,1,2057,110.36,279.605,0.331,0,1.191,0.84,0.855,247.933,9.757,8.027
20,DSC_0970_Plate1start.JPG,1,650,103.822,134.752,0.45,0,1.402,0.713,0.841,249.511,7.497,5.569
21,DSC_0970_Plate1start.JPG,1,248,110.286,162.551,0.118,0,1.945,0.514,0.49,254.544,0.56,0.379
22,DSC_0970_Plate1start.JPG,1,203,119.906,135.095,0.14,0,1.172,0.853,0.573,251.704,4.192,3.118
23,DSC_0970_Plate1start.JPG,1,2583,104.909,355.831,0.256,0,2.139,0.468,0.801,252.443,3.283,2.601
24,DSC_0970_Plate1start.JPG,1,1019,107.561,176.208,0.412,0,1.839,0.544,0.811,247.608,10.529,8.03
25,DSC_0970_Plate1start.JPG,1,3017,99.581,395.529,0.242,0,1.832,0.546,0.8,249.507,7.71,5.972
26,DSC_0970_Plate1start.JPG,1,412,118.471,155.581,0.214,0,1.485,0.674,0.666,243.609,17.415,14.529
27,DSC_0970_Plate1start.JPG,1,701,111.827,192.35,0.238,0,1.477,0.677,0.799,245.802,12.8,10.544
28,DSC_0970_Plate1start.JPG,1,787,112.421,181.279,0.301,0,1.49,0.671,0.792,244.63,14.33,12.365
29,DSC_0970_Plate1start.JPG,1,829,110.759,158.066,0.417,0,1.459,0.686,0.821,252.058,3.881,3.47
30,DSC_0970_Plate1start.JPG,1,141,118.362,92.711,0.206,0,1.34,0.746,0.616,253.369,2.028,1.702
31,DSC_0970_Plate1start.JPG,1,623,112.868,179.622,0.243,0,1.635,0.612,0.749,247.602,9.984,7.618
32,DSC_0970_Plate1start.JPG,1,657,116.852,214.007,0.18,0,1.255,0.797,0.697,245.938,12.035,10.528
33,DSC_0970_Plate1start.JPG,1,392,118.571,151.723,0.214,0,1.936,0.516,0.694,242.786,17.258,14.985
34,DSC_0970_Plate1start.JPG,1,978,117.55,270.676,0.168,0,2.129,0.47,0.635,246.269,11.821,10.453
35,DSC_0970_Plate1start.JPG,1,532,114.942,194.35,0.177,0,1.442,0.694,0.69,247.731,9.893,8.547
36,DSC_0970_Plate1start.JPG,1,306,113.245,112.61,0.303,0,1.53,0.653,0.673,252.601,2.601,2.405
37,DSC_0970_Plate1start.JPG,1,1165,109.926,218.392,0.307,0,1.392,0.718,0.837,246.195,12.113,10.496
1,DSC_0973_Plate2start.JPG,2,2461,85.113,244.451,0.518,0,2.446,0.409,0.818,255,0,0
2,DSC_0973_Plate2start.JPG,2,3324,78.38,373.487,0.299,0,2.106,0.475,0.756,253.498,0.969,0.523
3,DSC_0973_Plate2start.JPG,2,1723,83.618,266.09,0.306,0,2.102,0.476,0.8,253.516,1.373,0.984
4,DSC_0973_Plate2start.JPG,2,2132,85.118,365.973,0.2,0,2.335,0.428,0.739,250.452,4.22,2.837
5,DSC_0973_Plate2start.JPG,2,1335,92.8,180.108,0.517,0,1.579,0.633,0.866,250.724,4.016,2.781
6,DSC_0973_Plate2start.JPG,2,2249,82.838,332.375,0.256,0,2.001,0.5,0.79,252.727,2.122,1.47
7,DSC_0973_Plate2start.JPG,2,1945,91.79,295.203,0.28,0,1.398,0.715,0.818,249.173,5.493,3.866
8,DSC_0973_Plate2start.JPG,2,1116,85.011,226.492,0.273,0,2.374,0.421,0.735,248.097,6.401,3.685
9,DSC_0973_Plate2start.JPG,2,167,89.599,90.468,0.256,0,1.802,0.555,0.573,255,0,0
10,DSC_0973_Plate2start.JPG,2,1380,83.214,242.392,0.295,0,1.615,0.619,0.789,251.821,2.907,1.918
11,DSC_0973_Plate2start.JPG,2,1084,81.9,197.865,0.348,0,2.199,0.455,0.804,254.615,0.338,0.171
12,DSC_0973_Plate2start.JPG,2,340,100.844,121.681,0.289,0,1.284,0.779,0.708,255,0,0
13,DSC_0973_Plate2start.JPG,2,184,102.043,94.912,0.257,0,1.244,0.804,0.69,255,0,0
14,DSC_0973_Plate2start.JPG,2,808,96.837,161.48,0.389,0,1.384,0.723,0.825,249.947,4.709,3.224
15,DSC_0973_Plate2start.JPG,2,1289,93.285,291.99,0.19,0,1.532,0.653,0.74,247.937,6.571,3.983
16,DSC_0973_Plate2start.JPG,2,722,93.161,164.409,0.336,0,1.193,0.838,0.788,252.211,2.591,1.665
17,DSC_0973_Plate2start.JPG,2,761,87.307,208.35,0.22,0,1.517,0.659,0.729,249.911,4.564,2.661
18,DSC_0973_Plate2start.JPG,2,880,88.577,194.451,0.292,0,1.852,0.54,0.756,249.732,4.938,3.138
19,DSC_0973_Plate2start.JPG,2,827,88.022,156.409,0.425,0,1.658,0.603,0.815,250.457,4.232,2.721
20,DSC_0973_Plate2start.JPG,2,1590,80.109,187.037,0.571,0,1.608,0.622,0.887,254.173,0.779,0.666
21,DSC_0973_Plate2start.JPG,2,649,97.963,192.25,0.221,0,1.288,0.777,0.72,244.641,9.849,7.399
22,DSC_0973_Plate2start.JPG,2,2956,90.383,411.286,0.22,0,2.221,0.45,0.772,248.541,6.194,4.661
23,DSC_0973_Plate2start.JPG,2,2682,86.445,446.198,0.169,0,1.584,0.631,0.693,252.135,2.72,1.914
24,DSC_0973_Plate2start.JPG,2,230,100.383,142.752,0.142,0,1.261,0.793,0.585,251.574,3.278,2.487
25,DSC_0973_Plate2start.JPG,2,1250,98.095,280.09,0.2,0,2.125,0.471,0.728,240.923,13.698,10.058
26,DSC_0973_Plate2start.JPG,2,446,101.646,150.995,0.246,0,1.208,0.828,0.643,246.778,7.845,5.841
27,DSC_0973_Plate2start.JPG,2,1323,90.425,202.936,0.404,0,1.56,0.641,0.831,253.881,1.017,0.848
1,DSC_0976_Plate3start.JPG,3,1937,99.119,248.877,0.393,0,1.441,0.694,0.88,254.706,0.361,0.292
2,DSC_0976_Plate3start.JPG,3,2912,88.277,277.563,0.475,0,2.619,0.382,0.831,254.614,0.489,0.433
3,DSC_0976_Plate3start.JPG,3,2641,97.555,265.563,0.471,0,1.148,0.871,0.906,254.279,0.934,0.752
4,DSC_0976_Plate3start.JPG,3,1061,99.496,148.167,0.607,0,1.503,0.665,0.891,253.842,1.484,1.184
5,DSC_0976_Plate3start.JPG,3,3334,97.154,279.605,0.536,0,1.329,0.752,0.926,254.662,0.422,0.36
6,DSC_0976_Plate3start.JPG,3,2628,94.886,291.505,0.389,0,1.941,0.515,0.86,253.814,1.51,1.283
7,DSC_0976_Plate3start.JPG,3,3601,94.281,328.919,0.418,0,1.863,0.537,0.8,254.266,0.964,0.843
8,DSC_0976_Plate3start.JPG,3,1732,81.224,205.865,0.514,0,1.316,0.76,0.874,253.314,0.756,0.239
9,DSC_0976_Plate3start.JPG,3,1825,89.521,221.078,0.469,0,1.544,0.648,0.886,254.206,1.155,0.963
10,DSC_0976_Plate3start.JPG,3,2683,89.903,320.818,0.328,0,1.557,0.642,0.8,254.663,0.43,0.366
11,DSC_0976_Plate3start.JPG,3,2102,90.297,228.978,0.504,0,1.504,0.665,0.906,253.534,1.963,1.701
12,DSC_0976_Plate3start.JPG,3,1136,101.405,159.095,0.564,0,1.272,0.786,0.893,254.403,0.763,0.675
13,DSC_0976_Plate3start.JPG,3,4517,85.62,391.588,0.37,0,1.257,0.795,0.792,247.805,4.014,1.892
14,DSC_0976_Plate3start.JPG,3,2116,84.102,206.936,0.621,0,1.395,0.717,0.901,254.275,0.96,0.85
15,DSC_0976_Plate3start.JPG,3,3710,87.667,347.688,0.386,0,1.78,0.562,0.86,253.816,0.7,0.412
16,DSC_0976_Plate3start.JPG,3,3235,98.68,407.186,0.245,0,2.458,0.407,0.738,253.909,1.429,1.126
17,DSC_0976_Plate3start.JPG,3,1807,104.06,285.019,0.28,0,1.371,0.729,0.73,254.183,1.015,0.738
18,DSC_0976_Plate3start.JPG,3,1451,93.857,189.622,0.507,0,1.594,0.628,0.902,253.214,2.411,1.915
19,DSC_0976_Plate3start.JPG,3,2396,97.479,337.002,0.265,0,1.977,0.506,0.771,254.153,1.061,0.889
20,DSC_0976_Plate3start.JPG,3,2301,89.818,265.806,0.409,0,1.921,0.521,0.825,254.527,0.415,0.384
21,DSC_0976_Plate3start.JPG,3,3813,86.359,331.203,0.437,0,1.733,0.577,0.884,254.502,0.629,0.527
22,DSC_0976_Plate3start.JPG,3,2903,108.348,372.416,0.263,0,3.372,0.297,0.673,254.063,1.171,1.04
23,DSC_0976_Plate3start.JPG,3,1723,102.69,212.593,0.479,0,1.769,0.565,0.86,252.922,2.792,2.386
24,DSC_0976_Plate3start.JPG,3,717,113.275,118.711,0.639,0,1.44,0.695,0.895,254.537,0.596,0.508
25,DSC_0976_Plate3start.JPG,3,1037,99.423,152.652,0.559,0,1.147,0.872,0.878,254.127,1.119,1.003
1,DSC_0979_Plate4start.JPG,4,1825,105.711,228.108,0.441,0,2.318,0.431,0.779,253.773,1.592,1.38
2,DSC_0979_Plate4start.JPG,4,3545,105.087,447.914,0.222,0,1.289,0.776,0.707,254.09,1.146,0.994
3,DSC_0979_Plate4start.JPG,4,941,117.584,161.238,0.455,0,1.456,0.687,0.863,254.278,0.882,0.812
4,DSC_0979_Plate4start.JPG,4,2010,109.068,214.936,0.547,0,2.071,0.483,0.851,255,0,0
5,DSC_0979_Plate4start.JPG,4,3003,90.166,262.492,0.548,0,2.012,0.497,0.849,255,0,0
6,DSC_0979_Plate4start.JPG,4,1067,115.235,194.108,0.356,0,1.619,0.618,0.803,249.004,7.093,6.518
7,DSC_0979_Plate4start.JPG,4,210,123.114,83.64,0.377,0,1.351,0.74,0.747,255,0,0
8,DSC_0979_Plate4start.JPG,4,838,109.691,154.752,0.44,0,1.733,0.577,0.846,255,0,0
9,DSC_0979_Plate4start.JPG,4,1039,109.36,166.409,0.471,0,1.3,0.769,0.879,253.419,2.11,1.82
10,DSC_0979_Plate4start.JPG,4,896,126.155,180.451,0.346,0,1.643,0.609,0.791,247.833,9.272,8.304
11,DSC_0979_Plate4start.JPG,4,770,120.813,150.652,0.426,0,1.95,0.513,0.8,246.795,11.016,9.339
12,DSC_0979_Plate4start.JPG,4,571,118.753,161.48,0.275,0,1.479,0.676,0.751,253.49,2.051,1.83
13,DSC_0979_Plate4start.JPG,4,596,120.542,154.309,0.315,0,1.512,0.662,0.783,244.012,12.168,11.245
14,DSC_0979_Plate4start.JPG,4,4103,99.549,422.458,0.289,0,1.876,0.533,0.754,253.746,1.591,1.315
15,DSC_0979_Plate4start.JPG,4,1500,99.1,189.723,0.524,0,1.635,0.612,0.863,253.927,0.978,0.899
16,DSC_0979_Plate4start.JPG,4,947,109.333,165.865,0.433,0,1.448,0.691,0.843,249.648,7.413,6.402
17,DSC_0979_Plate4start.JPG,4,1902,109.769,250.149,0.382,0,1.73,0.578,0.826,249.233,7.747,6.808
18,DSC_0979_Plate4start.JPG,4,1415,107.242,213.279,0.391,0,1.603,0.624,0.839,251.421,4.886,4.351
19,DSC_0979_Plate4start.JPG,4,1831,107.496,227.421,0.445,0,1.854,0.539,0.83,254.481,0.597,0.541
20,DSC_0979_Plate4start.JPG,4,3188,92.377,256.149,0.611,0,1.674,0.598,0.904,254.964,0.045,0.039
21,DSC_0979_Plate4start.JPG,4,1590,84.9,211.078,0.448,0,1.354,0.738,0.873,253.897,0.825,0.76
22,DSC_0979_Plate4start.JPG,4,2177,96.752,235.179,0.495,0,2.127,0.47,0.853,253.764,1.681,1.514
23,DSC_0979_Plate4start.JPG,4,942,105.732,198.208,0.301,0,1.363,0.733,0.787,252.911,2.487,2.3
24,DSC_0979_Plate4start.JPG,4,915,110.544,175.723,0.372,0,1.55,0.645,0.823,254.376,0.767,0.705
25,DSC_0979_Plate4start.JPG,4,1030,110.454,134.953,0.711,0,1.453,0.688,0.911,255,0,0
26,DSC_0979_Plate4start.JPG,4,235,104.562,250.25,0.047,0,12.784,0.078,0.25,255,0,0
27,DSC_0979_Plate4start.JPG,4,110,103.827,119.64,0.097,0,2.718,0.368,0.31,255,0,0
28,DSC_0979_Plate4start.JPG,4,109,111.844,121.841,0.092,0,16.509,0.061,0.505,255,0,0
29,DSC_0979_Plate4start.JPG,4,227,106.872,135.782,0.155,0,10.295,0.097,0.575,255,0,0
30,DSC_0979_Plate4start.JPG,4,124,76.79,111.397,0.126,0,10.962,0.091,0.482,255,0,0
1,DSC_0982_Plate5start.JPG,5,1782,93.947,197.037,0.577,0,1.505,0.664,0.892,254.687,0.393,0.344
2,DSC_0982_Plate5start.JPG,5,932,118.792,197.765,0.299,0,1.224,0.817,0.78,247.08,10.427,8.71
3,DSC_0982_Plate5start.JPG,5,1868,98.33,269.647,0.323,0,1.597,0.626,0.842,254.164,1.077,0.876
4,DSC_0982_Plate5start.JPG,5,802,106.195,146.066,0.472,0,1.413,0.708,0.851,251.961,3.989,3.274
5,DSC_0982_Plate5start.JPG,5,2154,97.921,254.735,0.417,0,1.433,0.698,0.839,254.495,0.681,0.586
6,DSC_0982_Plate5start.JPG,5,224,106.808,69.255,0.587,0,1.384,0.723,0.845,255,0,0
7,DSC_0982_Plate5start.JPG,5,1144,109.834,143.095,0.702,0,1.235,0.81,0.914,252.614,3.165,2.665
8,DSC_0982_Plate5start.JPG,5,2776,94.81,307.446,0.369,0,1.68,0.595,0.822,253.916,1.389,1.093
9,DSC_0982_Plate5start.JPG,5,1063,104.557,143.238,0.651,0,1.701,0.588,0.907,250.801,5.685,4.886
10,DSC_0982_Plate5start.JPG,5,1598,97.128,221.321,0.41,0,1.91,0.524,0.825,252.529,3.447,2.686
11,DSC_0982_Plate5start.JPG,5,1023,100.389,148.409,0.584,0,1.105,0.905,0.89,253.116,2.618,2.342
12,DSC_0982_Plate5start.JPG,5,1942,100.014,304.333,0.263,0,2.973,0.336,0.706,251.218,4.949,4.138
13,DSC_0982_Plate5start.JPG,5,884,101.87,124.953,0.711,0,1.095,0.913,0.912,254.733,0.32,0.278
14,DSC_0982_Plate5start.JPG,5,1424,108.972,214.836,0.388,0,1.646,0.608,0.85,252.088,3.876,3.23
15,DSC_0982_Plate5start.JPG,5,1215,106.447,235.463,0.275,0,2.642,0.378,0.777,252.193,3.674,3.014
16,DSC_0982_Plate5start.JPG,5,843,112.76,133.439,0.595,0,1.232,0.812,0.884,252.991,2.544,2.079
17,DSC_0982_Plate5start.JPG,5,2371,101.895,248.735,0.482,0,2.077,0.481,0.815,254.023,1.291,1.136
18,DSC_0982_Plate5start.JPG,5,527,113.14,135.338,0.362,0,1.281,0.781,0.758,251.939,4.175,3.62
19,DSC_0982_Plate5start.JPG,5,4034,88.524,404.215,0.31,0,2.625,0.381,0.771,254.349,0.676,0.626
20,DSC_0982_Plate5start.JPG,5,1533,108.56,245.806,0.319,0,2.274,0.44,0.738,253.179,2.309,2.109
21,DSC_0982_Plate5start.JPG,5,3741,93.698,447.571,0.235,0,2.407,0.416,0.701,254.849,0.191,0.168
22,DSC_0982_Plate5start.JPG,5,272,116.588,101.64,0.331,0,1.645,0.608,0.715,254.533,0.46,0.434
23,DSC_0982_Plate5start.JPG,5,1114,115.982,233.078,0.258,0,1.611,0.621,0.683,252.916,2.688,2.283
24,DSC_0982_Plate5start.JPG,5,1131,95.777,138.752,0.738,0,1.104,0.906,0.908,254.535,0.44,0.412
25,DSC_0982_Plate5start.JPG,5,101,106.376,90.627,0.155,0,14.111,0.071,0.618,255,0,0
26,DSC_0982_Plate5start.JPG,5,104,114.154,107.698,0.113,0,16.578,0.06,0.546,252.433,2.202,2.087
27,DSC_0982_Plate5start.JPG,5,111,76.207,96.426,0.15,0,6.195,0.161,0.592,255,0,0
28,DSC_0982_Plate5start.JPG,5,121,69.57,88.527,0.194,0,6.228,0.161,0.647,253.554,0.653,0.612
29,DSC_0982_Plate5start.JPG,5,106,110.085,102.042,0.128,0,16.731,0.06,0.785,255,0,0
1,DSC_0985_Plate6start.JPG,6,542,95.124,153.681,0.288,0,1.196,0.836,0.804,253.668,0.9,0.817
2,DSC_0985_Plate6start.JPG,6,757,102.306,117.782,0.686,0,1.372,0.729,0.889,253.65,2.042,1.826
3,DSC_0985_Plate6start.JPG,6,2063,100.186,291.647,0.305,0,1.976,0.506,0.807,253.354,2.042,1.238
4,DSC_0985_Plate6start.JPG,6,517,112.358,91.841,0.77,0,1.391,0.719,0.931,253.487,1.913,1.733
5,DSC_0985_Plate6start.JPG,6,1970,106.577,282.049,0.311,0,1.801,0.555,0.649,254.177,1.015,0.842
6,DSC_0985_Plate6start.JPG,6,855,103.336,144.894,0.512,0,1.35,0.741,0.877,253.963,1.364,1.094
7,DSC_0985_Plate6start.JPG,6,1851,96.041,211.765,0.519,0,1.818,0.55,0.803,254.931,0.069,0.064
8,DSC_0985_Plate6start.JPG,6,675,101.145,110.125,0.699,0,1.166,0.858,0.889,253.63,1.698,1.519
9,DSC_0985_Plate6start.JPG,6,1643,88.169,175.238,0.672,0,1.493,0.67,0.912,254.656,0.43,0.39
10,DSC_0985_Plate6start.JPG,6,1055,107.736,167.48,0.473,0,1.622,0.616,0.862,254.142,1.064,0.891
11,DSC_0985_Plate6start.JPG,6,513,105.16,118.51,0.459,0,1.449,0.69,0.842,252.398,3.415,2.979
12,DSC_0985_Plate6start.JPG,6,1582,92.879,190.652,0.547,0,1.699,0.589,0.912,253.377,2.155,1.692
13,DSC_0985_Plate6start.JPG,6,1729,95.41,208.693,0.499,0,1.743,0.574,0.882,254.237,1.007,0.877
14,DSC_0985_Plate6start.JPG,6,1064,95.89,169.48,0.465,0,1.566,0.639,0.856,254.894,0.129,0.111
15,DSC_0985_Plate6start.JPG,6,1462,98.613,177.38,0.584,0,1.421,0.704,0.899,254.614,0.481,0.438
16,DSC_0985_Plate6start.JPG,6,103,57.301,41.213,0.762,0,1.534,0.652,0.9,255,0,0
17,DSC_0985_Plate6start.JPG,6,266,61.271,92.811,0.388,0,2.548,0.392,0.741,255,0,0
18,DSC_0985_Plate6start.JPG,6,689,60.704,160.468,0.336,0,4.529,0.221,0.784,254.739,0.096,0.086
19,DSC_0985_Plate6start.JPG,6,376,67.372,128.225,0.287,0,4.235,0.236,0.601,223.598,7.093,0.601
20,DSC_0985_Plate6start.JPG,6,2244,89.488,262.635,0.409,0,1.974,0.507,0.78,254.403,0.777,0.656
21,DSC_0985_Plate6start.JPG,6,803,94.027,119.782,0.703,0,1.159,0.863,0.898,254.706,0.354,0.313
22,DSC_0985_Plate6start.JPG,6,1377,84.696,177.48,0.549,0,1.335,0.749,0.897,254.662,0.42,0.316
23,DSC_0985_Plate6start.JPG,6,1772,85.415,202.007,0.546,0,1.572,0.636,0.899,254.186,1.049,0.922
24,DSC_0985_Plate6start.JPG,6,2060,94.795,214.794,0.561,0,1.914,0.522,0.87,254.886,0.138,0.124
25,DSC_0985_Plate6start.JPG,6,1037,103.198,150.995,0.572,0,1.469,0.681,0.888,253.171,2.368,2.005
26,DSC_0985_Plate6start.JPG,6,105,101.61,57.941,0.393,0,2.485,0.402,0.755,253.676,1.019,0.952
27,DSC_0985_Plate6start.JPG,6,743,97.522,109.539,0.778,0,1.188,0.842,0.916,254.664,0.351,0.322
28,DSC_0985_Plate6start.JPG,6,730,103.584,124.368,0.593,0,1.779,0.562,0.869,251.638,4.345,3.915
29,DSC_0985_Plate6start.JPG,6,1558,97.279,189.723,0.544,0,1.462,0.684,0.903,254.434,0.748,0.659
30,DSC_0985_Plate6start.JPG,6,1551,95.166,178.995,0.608,0,1.669,0.599,0.925,254.385,0.696,0.643
31,DSC_0985_Plate6start.JPG,6,645,100.988,130.267,0.478,0,1.137,0.879,0.837,255,0,0
32,DSC_0985_Plate6start.JPG,6,651,101,123.296,0.538,0,1.48,0.676,0.866,254.217,0.77,0.711
33,DSC_0985_Plate6start.JPG,6,1180,100.54,149.681,0.662,0,1.283,0.78,0.89,254.336,0.627,0.583
34,DSC_0985_Plate6start.JPG,6,313,92.866,121.397,0.267,0,6.004,0.167,0.703,253.173,1.342,1.265
1,DSC_0988_Plate7start.JPG,7,1063,103.409,151.238,0.584,0,1.604,0.624,0.885,254.135,1.05,0.89
2,DSC_0988_Plate7start.JPG,7,756,110.407,174.208,0.313,0,1.596,0.627,0.799,254.398,0.749,0.604
3,DSC_0988_Plate7start.JPG,7,969,98.733,139.581,0.625,0,1.294,0.773,0.895,254.006,1.111,1.029
4,DSC_0988_Plate7start.JPG,7,1238,108.108,171.48,0.529,0,1.301,0.769,0.88,254.623,0.46,0.4
5,DSC_0988_Plate7start.JPG,7,1434,91.219,157.681,0.725,0,1.306,0.766,0.907,254.832,0.189,0.173
6,DSC_0988_Plate7start.JPG,7,248,116.48,94.811,0.347,0,1.117,0.895,0.708,255,0,0
7,DSC_0988_Plate7start.JPG,7,1436,94.971,163.238,0.677,0,1.581,0.632,0.906,254.295,0.903,0.796
8,DSC_0988_Plate7start.JPG,7,2029,94.699,196.551,0.66,0,1.666,0.6,0.904,254.835,0.202,0.18
9,DSC_0988_Plate7start.JPG,7,2626,103.794,255.22,0.507,0,2.32,0.431,0.828,254.863,0.153,0.14
10,DSC_0988_Plate7start.JPG,7,2022,96.144,212.35,0.563,0,1.871,0.535,0.889,254.944,0.067,0.054
11,DSC_0988_Plate7start.JPG,7,2765,94.988,267.362,0.486,0,2.135,0.468,0.833,254.838,0.207,0.166
12,DSC_0988_Plate7start.JPG,7,1920,91.922,193.522,0.644,0,1.65,0.606,0.897,255,0,0
13,DSC_0988_Plate7start.JPG,7,485,112.561,113.782,0.471,0,1.314,0.761,0.795,255,0,0
14,DSC_0988_Plate7start.JPG,7,4336,85.715,305.948,0.582,0,1.814,0.551,0.901,254.668,0.362,0.334
15,DSC_0988_Plate7start.JPG,7,927,105.89,148.409,0.529,0,1.893,0.528,0.856,254.128,1.073,0.923
16,DSC_0988_Plate7start.JPG,7,1427,95.004,167.924,0.636,0,1.33,0.752,0.904,254.755,0.298,0.26
17,DSC_0988_Plate7start.JPG,7,748,110.535,154.51,0.394,0,1.778,0.562,0.823,253.485,1.905,1.638
18,DSC_0988_Plate7start.JPG,7,1841,95.97,199.622,0.581,0,1.578,0.634,0.859,254.877,0.154,0.127
19,DSC_0988_Plate7start.JPG,7,614,107.645,115.539,0.578,0,1.038,0.963,0.848,254.803,0.218,0.202
20,DSC_0988_Plate7start.JPG,7,4555,96.586,477.63,0.251,0,2.081,0.481,0.702,254.005,0.793,0.736
21,DSC_0988_Plate7start.JPG,7,1972,89.619,218.208,0.52,0,2.152,0.465,0.837,254.923,0.049,0.046
22,DSC_0988_Plate7start.JPG,7,1385,103.878,185.581,0.505,0,1.688,0.593,0.828,253.887,1.267,1.165
23,DSC_0988_Plate7start.JPG,7,801,96.255,125.439,0.64,0,1.272,0.786,0.875,253.878,1.459,1.32
24,DSC_0988_Plate7start.JPG,7,1140,101.946,158.894,0.567,0,1.456,0.687,0.885,253.171,2.199,1.958
25,DSC_0988_Plate7start.JPG,7,2617,88.551,345.103,0.276,0,2.979,0.336,0.768,254.887,0.078,0.075
1,DSC_0991_Plate8start.JPG,8,1526,92.638,154.995,0.798,0,1.348,0.742,0.941,255,0,0
2,DSC_0991_Plate8start.JPG,8,2695,83.444,228.492,0.649,0,1.543,0.648,0.943,254.792,0.269,0.224
3,DSC_0991_Plate8start.JPG,8,1765,102.042,193.037,0.595,0,1.633,0.612,0.912,254.556,0.555,0.5
4,DSC_0991_Plate8start.JPG,8,1416,91.53,167.38,0.635,0,1.549,0.646,0.911,254.508,0.602,0.522
5,DSC_0991_Plate8start.JPG,8,3039,90.771,233.622,0.7,0,1.651,0.606,0.933,255,0,0
6,DSC_0991_Plate8start.JPG,8,2497,98.654,219.865,0.649,0,1.755,0.57,0.905,254.851,0.148,0.141
7,DSC_0991_Plate8start.JPG,8,3104,86.344,268.007,0.543,0,1.485,0.674,0.854,254.02,0.303,0.065
8,DSC_0991_Plate8start.JPG,8,424,100.623,79.497,0.843,0,1.219,0.821,0.923,255,0,0
9,DSC_0991_Plate8start.JPG,8,1526,91.031,196.066,0.499,0,1.817,0.55,0.835,254.927,0.092,0.072
10,DSC_0991_Plate8start.JPG,8,1642,105.409,216.25,0.441,0,2.197,0.455,0.808,254.602,0.523,0.398
11,DSC_0991_Plate8start.JPG,8,869,101.239,131.681,0.63,0,1.528,0.655,0.876,254.864,0.162,0.145
12,DSC_0991_Plate8start.JPG,8,830,107.276,131.439,0.604,0,1.098,0.91,0.877,255,0,0
13,DSC_0991_Plate8start.JPG,8,1186,96.41,155.924,0.613,0,1.378,0.725,0.893,254.711,0.358,0.315
14,DSC_0991_Plate8start.JPG,8,1992,89.736,205.723,0.591,0,1.736,0.576,0.883,254.6,0.491,0.411
15,DSC_0991_Plate8start.JPG,8,1295,100.826,162.652,0.615,0,1.524,0.656,0.902,254.741,0.324,0.283
16,DSC_0991_Plate8start.JPG,8,652,103.368,107.054,0.715,0,1.052,0.95,0.898,254.319,0.859,0.767
17,DSC_0991_Plate8start.JPG,8,1115,104.766,133.782,0.783,0,1.116,0.896,0.925,255,0,0
18,DSC_0991_Plate8start.JPG,8,1139,100.306,141.681,0.713,0,1.458,0.686,0.919,253.802,1.509,1.262
19,DSC_0991_Plate8start.JPG,8,3093,90.995,255.806,0.594,0,1.698,0.589,0.92,254.727,0.299,0.278
20,DSC_0991_Plate8start.JPG,8,2506,84.812,224.836,0.623,0,1.649,0.607,0.901,255,0,0
21,DSC_0991_Plate8start.JPG,8,2036,98.63,220.936,0.524,0,2.023,0.494,0.871,254.889,0.137,0.125
22,DSC_0991_Plate8start.JPG,8,1705,98.701,191.137,0.586,0,1.816,0.551,0.885,254.867,0.162,0.152
23,DSC_0991_Plate8start.JPG,8,1029,98.556,145.581,0.61,0,1.684,0.594,0.9,255,0,0
24,DSC_0991_Plate8start.JPG,8,707,95.499,111.882,0.71,0,1.121,0.892,0.883,255,0,0
1,DSC_0994_Plate9start.JPG,9,1190,102.81,217.078,0.317,0,1.928,0.519,0.773,253.147,2.423,1.834
2,DSC_0994_Plate9start.JPG,9,836,96.743,128.61,0.635,0,1.69,0.592,0.89,254.862,0.17,0.154
3,DSC_0994_Plate9start.JPG,9,1032,95.455,149.095,0.583,0,1.431,0.699,0.877,253.079,2.557,2.216
4,DSC_0994_Plate9start.JPG,9,1572,95.513,215.279,0.426,0,1.551,0.645,0.888,253.385,2.123,1.807
5,DSC_0994_Plate9start.JPG,9,1277,102.454,209.522,0.366,0,1.502,0.666,0.847,253.802,1.626,1.313
6,DSC_0994_Plate9start.JPG,9,890,114.988,165.338,0.409,0,1.693,0.591,0.846,253.802,1.36,1.242
7,DSC_0994_Plate9start.JPG,9,423,118.111,112.125,0.423,0,1.374,0.728,0.775,252.359,3.3,2.851
8,DSC_0994_Plate9start.JPG,9,1153,92.784,152.652,0.622,0,1.636,0.611,0.889,254.535,0.628,0.498
9,DSC_0994_Plate9start.JPG,9,967,100.745,158.652,0.483,0,1.336,0.749,0.865,252.086,3.87,3.246
10,DSC_0994_Plate9start.JPG,9,1913,100.361,239.806,0.418,0,1.774,0.564,0.855,253.376,2.073,1.791
11,DSC_0994_Plate9start.JPG,9,1714,107.86,222.149,0.436,0,1.687,0.593,0.829,253.454,1.87,1.704
12,DSC_0994_Plate9start.JPG,9,581,110.186,99.64,0.735,0,1.37,0.73,0.916,249.873,7.146,5.806
13,DSC_0994_Plate9start.JPG,9,1764,93.892,191.38,0.605,0,1.466,0.682,0.919,254.239,0.951,0.854
14,DSC_0994_Plate9start.JPG,9,1256,103.69,221.664,0.321,0,2.166,0.462,0.796,253.716,1.739,1.439
15,DSC_0994_Plate9start.JPG,9,2014,89.547,231.664,0.472,0,1.551,0.645,0.815,253.886,1.434,1.281
16,DSC_0994_Plate9start.JPG,9,1649,92.75,202.936,0.503,0,1.49,0.671,0.904,253.209,2.443,2.049
17,DSC_0994_Plate9start.JPG,9,700,110.456,131.924,0.505,0,1.244,0.804,0.864,253.289,2.249,1.914
18,DSC_0994_Plate9start.JPG,9,949,100.744,164.794,0.439,0,1.579,0.633,0.845,253.166,2.445,1.88
19,DSC_0994_Plate9start.JPG,9,572,113.748,134.752,0.396,0,1.472,0.679,0.844,248.848,7.827,6.998
20,DSC_0994_Plate9start.JPG,9,874,96.708,142.409,0.542,0,1.44,0.695,0.901,254.616,0.486,0.418
21,DSC_0994_Plate9start.JPG,9,2540,85.178,241.907,0.545,0,1.781,0.562,0.876,254.487,0.685,0.556
22,DSC_0994_Plate9start.JPG,9,871,95.881,129.681,0.651,0,1.704,0.587,0.891,254.127,1.161,0.955
23,DSC_0994_Plate9start.JPG,9,2154,82.584,218.693,0.566,0,1.312,0.762,0.892,254.891,0.132,0.122
24,DSC_0994_Plate9start.JPG,9,2032,103.866,297.505,0.289,0,2.529,0.395,0.753,253.36,2.1,1.824
25,DSC_0994_Plate9start.JPG,9,1599,88.355,197.037,0.518,0,1.433,0.698,0.885,255,0,0
26,DSC_0994_Plate9start.JPG,9,971,108.849,175.037,0.398,0,1.564,0.64,0.847,253.749,1.597,1.44
27,DSC_0994_Plate9start.JPG,9,1768,88.808,174.995,0.726,0,1.593,0.628,0.937,255,0,0
28,DSC_0994_Plate9start.JPG,9,109,104.028,98.527,0.141,0,8.877,0.113,0.503,255,0,0
1,DSC_0997_Plate10start.JPG,10,2732,99.745,251.706,0.542,0,1.809,0.553,0.872,254.954,0.045,0.042
2,DSC_0997_Plate10start.JPG,10,1883,93.312,200.451,0.589,0,1.913,0.523,0.858,254.933,0.068,0.063
3,DSC_0997_Plate10start.JPG,10,2221,97.591,251.806,0.44,0,2.085,0.48,0.806,254.742,0.312,0.276
4,DSC_0997_Plate10start.JPG,10,1957,103.572,252.007,0.387,0,3.243,0.308,0.781,255,0,0
5,DSC_0997_Plate10start.JPG,10,2042,101.897,202.551,0.625,0,1.458,0.686,0.921,254.665,0.411,0.375
6,DSC_0997_Plate10start.JPG,10,1044,103.933,145.238,0.622,0,1.274,0.785,0.891,255,0,0
7,DSC_0997_Plate10start.JPG,10,1428,105.681,173.966,0.593,0,1.805,0.554,0.888,253.741,1.543,1.342
8,DSC_0997_Plate10start.JPG,10,933,105.299,126.953,0.727,0,1.18,0.847,0.902,255,0,0
9,DSC_0997_Plate10start.JPG,10,2074,98.483,264.635,0.372,0,1.903,0.526,0.762,254.571,0.553,0.47
10,DSC_0997_Plate10start.JPG,10,1190,95.811,153.095,0.638,0,1.597,0.626,0.897,254.717,0.361,0.313
11,DSC_0997_Plate10start.JPG,10,631,109.593,116.125,0.588,0,1.636,0.611,0.876,255,0,0
12,DSC_0997_Plate10start.JPG,10,415,115.986,80.912,0.797,0,1.234,0.81,0.901,255,0,0
13,DSC_0997_Plate10start.JPG,10,2352,91.213,236.007,0.531,0,1.388,0.721,0.855,254.757,0.295,0.269
14,DSC_0997_Plate10start.JPG,10,2577,92.158,249.563,0.52,0,2.056,0.486,0.871,254.653,0.438,0.391
15,DSC_0997_Plate10start.JPG,10,2024,94.549,202.693,0.619,0,1.54,0.649,0.906,254.781,0.276,0.259
16,DSC_0997_Plate10start.JPG,10,2556,95.033,277.362,0.418,0,2.124,0.471,0.864,254.652,0.444,0.382
17,DSC_0997_Plate10start.JPG,10,934,107.305,141.095,0.59,0,1.694,0.59,0.887,254.396,0.739,0.63
18,DSC_0997_Plate10start.JPG,10,1526,104.567,231.179,0.359,0,2.201,0.454,0.75,254.754,0.256,0.236
19,DSC_0997_Plate10start.JPG,10,2812,85.713,254.25,0.547,0,1.695,0.59,0.896,254.826,0.184,0.164
20,DSC_0997_Plate10start.JPG,10,1119,73.764,147.924,0.643,0,1.239,0.807,0.911,253.121,1.094,1.019
21,DSC_0997_Plate10start.JPG,10,1407,90.056,168.167,0.625,0,1.419,0.705,0.911,254.839,0.198,0.176
22,DSC_0997_Plate10start.JPG,10,1271,101.35,153.238,0.68,0,1.448,0.691,0.9,254.339,0.739,0.682
23,DSC_0997_Plate10start.JPG,10,635,99.789,116.711,0.586,0,1.719,0.582,0.838,255,0,0
24,DSC_0997_Plate10start.JPG,10,2431,82.392,213.38,0.671,0,1.443,0.693,0.923,254.938,0.043,0.04
1,DSC_1000_Plate11start.JPG,11,289,102.481,87.154,0.478,0,1.876,0.533,0.815,255,0,0
2,DSC_1000_Plate11start.JPG,11,1513,86.46,154.167,0.8,0,1.318,0.758,0.935,255,0,0
3,DSC_1000_Plate11start.JPG,11,1907,99.224,204.451,0.573,0,2.04,0.49,0.845,254.94,0.074,0.064
4,DSC_1000_Plate11start.JPG,11,836,104.408,133.681,0.588,0,1.808,0.553,0.859,254.728,0.335,0.282
5,DSC_1000_Plate11start.JPG,11,2340,103.515,236.836,0.524,0,2.116,0.473,0.827,254.952,0.06,0.051
6,DSC_1000_Plate11start.JPG,11,529,114.127,104.024,0.614,0,1.467,0.682,0.857,254.764,0.246,0.227
7,DSC_1000_Plate11start.JPG,11,1034,102.759,150.51,0.574,0,1.293,0.774,0.858,254.65,0.381,0.347
8,DSC_1000_Plate11start.JPG,11,1223,107.638,144.853,0.732,0,1.714,0.583,0.932,255,0,0
9,DSC_1000_Plate11start.JPG,11,3483,86.73,264.492,0.626,0,1.801,0.555,0.889,253.405,0.511,0.114
10,DSC_1000_Plate11start.JPG,11,2512,97.877,240.836,0.544,0,1.633,0.612,0.86,254.636,0.441,0.395
11,DSC_1000_Plate11start.JPG,11,1258,93.243,155.338,0.655,0,1.547,0.646,0.904,254.202,1.033,0.806
12,DSC_1000_Plate11start.JPG,11,1767,100.937,214.208,0.484,0,1.99,0.503,0.78,254.74,0.321,0.261
13,DSC_1000_Plate11start.JPG,11,1379,100.012,160.51,0.673,0,1.577,0.634,0.904,255,0,0
14,DSC_1000_Plate11start.JPG,11,3932,82.268,295.505,0.566,0,1.574,0.635,0.877,254.716,0.365,0.314
15,DSC_1000_Plate11start.JPG,11,1344,99.683,174.652,0.554,0,1.79,0.559,0.874,254.915,0.105,0.087
16,DSC_1000_Plate11start.JPG,11,2611,86.8,226.593,0.639,0,1.635,0.612,0.902,255,0,0
17,DSC_1000_Plate11start.JPG,11,1718,101.477,233.765,0.395,0,2.322,0.431,0.743,254.398,0.713,0.633
18,DSC_1000_Plate11start.JPG,11,1141,99.513,152.267,0.618,0,1.566,0.639,0.916,254.701,0.37,0.308
19,DSC_1000_Plate11start.JPG,11,544,107.803,100.326,0.679,0,1.506,0.664,0.881,254.535,0.472,0.436
20,DSC_1000_Plate11start.JPG,11,2005,81.311,190.551,0.694,0,1.628,0.614,0.924,255,0,0
21,DSC_1000_Plate11start.JPG,11,3187,94.848,275.948,0.526,0,1.541,0.649,0.832,254.826,0.231,0.206
22,DSC_1000_Plate11start.JPG,11,795,106.174,129.782,0.593,0,1.637,0.611,0.881,255,0,0
23,DSC_1000_Plate11start.JPG,11,1216,106.125,158.51,0.608,0,1.536,0.651,0.897,254.812,0.233,0.211
24,DSC_1000_Plate11start.JPG,11,979,100.724,150.752,0.541,0,1.271,0.787,0.847,255,0,0
25,DSC_1000_Plate11start.JPG,11,331,108.178,83.983,0.59,0,1.076,0.93,0.824,255,0,0
1,DSC_1003_Plate12start.JPG,12,2909,91.244,275.262,0.482,0,2.039,0.491,0.869,253.663,1.664,1.45
2,DSC_1003_Plate12start.JPG,12,3176,87.233,264.877,0.569,0,1.708,0.586,0.895,254.893,0.133,0.116
3,DSC_1003_Plate12start.JPG,12,1552,99.329,187.966,0.552,0,1.408,0.71,0.898,254.126,1.11,0.856
4,DSC_1003_Plate12start.JPG,12,1752,104.623,232.007,0.409,0,1.605,0.623,0.865,253.281,2.204,1.922
5,DSC_1003_Plate12start.JPG,12,908,104.977,173.522,0.379,0,1.52,0.658,0.829,251.931,4.51,3.838
6,DSC_1003_Plate12start.JPG,12,139,116.122,73.74,0.321,0,1.91,0.524,0.697,254.18,0.986,0.734
7,DSC_1003_Plate12start.JPG,12,2133,104.675,237.321,0.476,0,1.989,0.503,0.848,254.775,0.256,0.235
8,DSC_1003_Plate12start.JPG,12,747,93.831,116.953,0.686,0,1.385,0.722,0.912,254.218,0.89,0.803
9,DSC_1003_Plate12start.JPG,12,1811,107.107,329.688,0.209,0,2.105,0.475,0.703,252.438,3.291,2.615
10,DSC_1003_Plate12start.JPG,12,1028,97.462,162.309,0.49,0,1.41,0.709,0.878,254.016,1.254,0.931
11,DSC_1003_Plate12start.JPG,12,1647,96.131,210.25,0.468,0,1.848,0.541,0.893,253.974,1.267,1.053
12,DSC_1003_Plate12start.JPG,12,1077,105.744,167.48,0.483,0,1.632,0.613,0.841,253.048,2.532,2.171
13,DSC_1003_Plate12start.JPG,12,1764,102.004,208.108,0.512,0,1.596,0.626,0.869,253.922,1.392,1.163
14,DSC_1003_Plate12start.JPG,12,680,103.493,101.397,0.831,0,1.328,0.753,0.923,255,0,0
15,DSC_1003_Plate12start.JPG,12,1548,96.945,184.794,0.57,0,1.721,0.581,0.878,254.855,0.184,0.149
16,DSC_1003_Plate12start.JPG,12,922,105.985,163.238,0.435,0,2.124,0.471,0.825,252.638,3.137,2.687
17,DSC_1003_Plate12start.JPG,12,1471,99.886,246.777,0.304,0,1.638,0.611,0.85,254.845,0.184,0.155
18,DSC_1003_Plate12start.JPG,12,1336,92.854,192.108,0.455,0,1.502,0.666,0.877,254.832,0.217,0.179
19,DSC_1003_Plate12start.JPG,12,329,109.672,115.782,0.308,0,1.371,0.73,0.744,252.067,3.964,3.012
20,DSC_1003_Plate12start.JPG,12,485,106.287,100.326,0.606,0,1.09,0.917,0.878,255,0,0
21,DSC_1003_Plate12start.JPG,12,2474,82.89,238.978,0.544,0,1.523,0.657,0.889,254.838,0.148,0.134
22,DSC_1003_Plate12start.JPG,12,1364,98.356,188.693,0.481,0,1.689,0.592,0.881,253.661,1.661,1.465
23,DSC_1003_Plate12start.JPG,12,803,103.438,127.681,0.619,0,1.225,0.816,0.891,253.504,2.011,1.808
24,DSC_1003_Plate12start.JPG,12,769,109.798,131.095,0.562,0,1.359,0.736,0.867,252.847,2.8,2.488
25,DSC_1003_Plate12start.JPG,12,1409,94.144,177.48,0.562,0,1.587,0.63,0.868,253.72,1.078,1.004
26,DSC_1003_Plate12start.JPG,12,501,115.182,120.024,0.437,0,1.124,0.89,0.853,252.691,2.816,2.439
1,DSC_1006_Plate13start.JPG,13,2075,100.6,231.22,0.488,0,1.758,0.569,0.89,254.554,0.526,0.471
2,DSC_1006_Plate13start.JPG,13,1671,97.678,215.179,0.454,0,1.732,0.577,0.836,254.835,0.13,0.121
3,DSC_1006_Plate13start.JPG,13,603,118.33,164.066,0.282,0,2.318,0.431,0.682,254.254,0.932,0.801
4,DSC_1006_Plate13start.JPG,13,855,112.751,156.409,0.439,0,1.404,0.712,0.848,253.205,2.333,2.127
5,DSC_1006_Plate13start.JPG,13,658,112.837,154.652,0.346,0,1.436,0.697,0.81,253.281,2.17,1.93
6,DSC_1006_Plate13start.JPG,13,745,114.409,162.167,0.356,0,1.525,0.656,0.811,249.705,7.055,6.034
7,DSC_1006_Plate13start.JPG,13,1190,105.342,172.894,0.5,0,1.522,0.657,0.866,253.997,1.14,1.043
8,DSC_1006_Plate13start.JPG,13,975,106.384,193.865,0.326,0,1.527,0.655,0.816,252.868,2.817,2.239
9,DSC_1006_Plate13start.JPG,13,480,111.485,96.569,0.647,0,1.568,0.638,0.883,250.952,3.431,3.181
10,DSC_1006_Plate13start.JPG,13,291,114.065,89.64,0.455,0,1.162,0.861,0.798,250.893,5.502,4.646
11,DSC_1006_Plate13start.JPG,13,534,115.504,120.024,0.466,0,1.266,0.79,0.842,251.532,4.64,3.979
12,DSC_1006_Plate13start.JPG,13,1509,108.635,207.522,0.44,0,1.484,0.674,0.845,254.247,0.944,0.861
13,DSC_1006_Plate13start.JPG,13,490,116.612,128.51,0.373,0,1.628,0.614,0.807,253.598,1.769,1.6
14,DSC_1006_Plate13start.JPG,13,1988,88.825,209.966,0.567,0,1.635,0.612,0.855,254.866,0.123,0.113
15,DSC_1006_Plate13start.JPG,13,3349,95.013,275.12,0.556,0,1.515,0.66,0.864,254.482,0.611,0.554
16,DSC_1006_Plate13start.JPG,13,1713,106.449,208.25,0.496,0,1.68,0.595,0.886,253.869,1.395,1.244
17,DSC_1006_Plate13start.JPG,13,1947,116.357,299.505,0.273,0,1.447,0.691,0.683,254.248,0.938,0.839
18,DSC_1006_Plate13start.JPG,13,1493,108.048,191.865,0.51,0,1.469,0.681,0.888,253.364,2.079,1.831
19,DSC_1006_Plate13start.JPG,13,877,106.316,182.936,0.329,0,1.605,0.623,0.81,253.719,1.616,1.436
20,DSC_1006_Plate13start.JPG,13,528,119.68,133.095,0.375,0,1.618,0.618,0.778,251.449,4.608,3.871
21,DSC_1006_Plate13start.JPG,13,663,103.457,157.823,0.334,0,1.355,0.738,0.847,253.549,1.246,1.149
22,DSC_1006_Plate13start.JPG,13,1605,107.866,253.563,0.314,0,2.099,0.476,0.783,254.541,0.493,0.446
23,DSC_1006_Plate13start.JPG,13,259,93.421,114.953,0.246,0,1.328,0.753,0.675,252.127,2.066,1.911
24,DSC_1006_Plate13start.JPG,13,836,105.994,149.581,0.47,0,1.542,0.648,0.853,252.489,2.677,2.465
25,DSC_1006_Plate13start.JPG,13,769,99.542,167.966,0.343,0,1.434,0.697,0.783,252.711,1.675,1.564
26,DSC_1006_Plate13start.JPG,13,1582,105.016,213.765,0.435,0,1.999,0.5,0.813,254.849,0.169,0.155
1,DSC_1009_Plate14start.JPG,14,3291,98.279,240.451,0.715,0,1.524,0.656,0.94,254.822,0.272,0.247
2,DSC_1009_Plate14start.JPG,14,1786,99.639,194.693,0.592,0,1.916,0.522,0.881,255,0,0
3,DSC_1009_Plate14start.JPG,14,1308,116.102,152.853,0.704,0,1.484,0.674,0.911,255,0,0
4,DSC_1009_Plate14start.JPG,14,1137,117.704,138.125,0.749,0,1.527,0.655,0.936,255,0,0
5,DSC_1009_Plate14start.JPG,14,873,120.6,121.882,0.738,0,1.546,0.647,0.907,255,0,0
6,DSC_1009_Plate14start.JPG,14,1034,110.367,146.853,0.603,0,1.491,0.671,0.879,255,0,0
7,DSC_1009_Plate14start.JPG,14,1916,94.958,182.551,0.722,0,1.507,0.664,0.932,254.951,0.083,0.076
8,DSC_1009_Plate14start.JPG,14,1398,108.815,154.853,0.733,0,1.632,0.613,0.929,255,0,0
9,DSC_1009_Plate14start.JPG,14,1253,113.544,149.439,0.705,0,1.543,0.648,0.923,255,0,0
10,DSC_1009_Plate14start.JPG,14,954,111.129,123.296,0.789,0,1.17,0.855,0.911,254.905,0.17,0.148
11,DSC_1009_Plate14start.JPG,14,1691,107.367,169.238,0.742,0,1.479,0.676,0.919,255,0,0
12,DSC_1009_Plate14start.JPG,14,710,127.01,109.054,0.75,0,1.427,0.701,0.908,255,0,0
13,DSC_1009_Plate14start.JPG,14,2121,97.25,195.137,0.7,0,1.521,0.657,0.931,255,0,0
14,DSC_1009_Plate14start.JPG,14,1381,102.388,154.024,0.732,0,1.424,0.702,0.926,255,0,0
15,DSC_1009_Plate14start.JPG,14,1671,104.668,183.338,0.625,0,1.665,0.601,0.881,254.943,0.097,0.089
16,DSC_1009_Plate14start.JPG,14,1678,110.226,166.51,0.761,0,1.544,0.648,0.927,254.888,0.188,0.172
17,DSC_1009_Plate14start.JPG,14,1015,113.618,136.024,0.689,0,1.417,0.706,0.915,254.753,0.255,0.235
18,DSC_1009_Plate14start.JPG,14,910,126.116,117.882,0.823,0,1.471,0.68,0.939,255,0,0
19,DSC_1009_Plate14start.JPG,14,3285,86.879,319.747,0.404,0,2.002,0.5,0.791,254.335,0.543,0.514
20,DSC_1009_Plate14start.JPG,14,2366,105.277,217.279,0.63,0,1.851,0.54,0.893,254.953,0.062,0.057
21,DSC_1009_Plate14start.JPG,14,2167,99.084,212.652,0.602,0,1.533,0.653,0.918,254.881,0.116,0.108
22,DSC_1009_Plate14start.JPG,14,1954,100.678,210.451,0.554,0,1.237,0.808,0.878,254.935,0.064,0.06
23,DSC_1009_Plate14start.JPG,14,564,103.879,156.853,0.288,0,2.261,0.442,0.72,255,0,0
24,DSC_1009_Plate14start.JPG,14,2216,84.603,226.492,0.543,0,1.48,0.675,0.876,254.932,0.047,0.044
1,DSC_1012_Plate15start.JPG,15,2222,97.37,226.007,0.547,0,1.274,0.785,0.814,254.749,0.208,0.194
2,DSC_1012_Plate15start.JPG,15,2627,103.989,242.593,0.561,0,1.968,0.508,0.855,254.9,0.089,0.084
3,DSC_1012_Plate15start.JPG,15,1603,98.619,173.48,0.669,0,1.485,0.674,0.921,254.858,0.167,0.153
4,DSC_1012_Plate15start.JPG,15,1087,102.479,142.752,0.67,0,1.483,0.674,0.913,253.966,1.285,1.097
5,DSC_1012_Plate15start.JPG,15,2584,94.788,269.806,0.446,0,1.305,0.766,0.772,254.956,0.051,0.045
6,DSC_1012_Plate15start.JPG,15,2029,108.701,218.108,0.536,0,2.086,0.479,0.816,254.744,0.231,0.218
7,DSC_1012_Plate15start.JPG,15,2749,95.637,261.806,0.504,0,1.458,0.686,0.817,255,0,0
8,DSC_1012_Plate15start.JPG,15,4690,90.776,325.061,0.558,0,1.744,0.574,0.888,251.971,1.241,0.407
9,DSC_1012_Plate15start.JPG,15,1321,97.768,156.652,0.676,0,1.366,0.732,0.913,254.83,0.212,0.179
10,DSC_1012_Plate15start.JPG,15,1594,98.777,189.48,0.558,0,1.828,0.547,0.883,254.573,0.529,0.392
11,DSC_1012_Plate15start.JPG,15,2523,104.265,241.563,0.543,0,1.971,0.507,0.851,254.95,0.05,0.047
12,DSC_1012_Plate15start.JPG,15,878,111.244,143.095,0.539,0,2.149,0.465,0.849,255,0,0
13,DSC_1012_Plate15start.JPG,15,2052,92.984,207.865,0.597,0,1.614,0.62,0.899,254.27,0.861,0.782
14,DSC_1012_Plate15start.JPG,15,1686,96.016,196.794,0.547,0,1.811,0.552,0.866,254.527,0.583,0.507
15,DSC_1012_Plate15start.JPG,15,1137,102.295,161.238,0.55,0,1.877,0.533,0.868,254.321,0.884,0.742
16,DSC_1012_Plate15start.JPG,15,1064,103.058,147.823,0.612,0,1.848,0.541,0.891,254.789,0.268,0.215
17,DSC_1012_Plate15start.JPG,15,997,103.772,133.539,0.703,0,1.519,0.658,0.916,255,0,0
18,DSC_1012_Plate15start.JPG,15,2540,96.968,232.007,0.593,0,1.69,0.592,0.909,254.63,0.331,0.31
19,DSC_1012_Plate15start.JPG,15,1724,102.089,210.451,0.489,0,1.813,0.552,0.828,254.601,0.495,0.439
20,DSC_1012_Plate15start.JPG,15,2749,93.934,236.25,0.619,0,1.529,0.654,0.92,254.815,0.176,0.162
21,DSC_1012_Plate15start.JPG,15,1903,91.813,198.652,0.606,0,1.734,0.577,0.89,255,0,0
22,DSC_1012_Plate15start.JPG,15,1933,94.72,231.907,0.452,0,1.145,0.873,0.825,254.698,0.226,0.21
23,DSC_1012_Plate15start.JPG,15,1192,109.853,189.279,0.418,0,1.397,0.716,0.842,254.809,0.23,0.174
24,DSC_1012_Plate15start.JPG,15,1264,105.119,168.066,0.562,0,1.884,0.531,0.885,254.57,0.377,0.352
1,DSC_1015_Plate16start.JPG,16,2979,102.397,276.149,0.491,0,2.054,0.487,0.848,255,0,0
2,DSC_1015_Plate16start.JPG,16,2230,93.902,234.593,0.509,0,2.274,0.44,0.872,254.548,0.566,0.486
3,DSC_1015_Plate16start.JPG,16,1668,95.414,193.037,0.563,0,1.578,0.634,0.887,254.454,0.705,0.604
4,DSC_1015_Plate16start.JPG,16,688,111.501,121.196,0.589,0,1.098,0.91,0.883,253.235,2.266,2.028
5,DSC_1015_Plate16start.JPG,16,194,108.649,81.154,0.37,0,1.556,0.642,0.672,255,0,0
6,DSC_1015_Plate16start.JPG,16,844,115.165,140.61,0.536,0,1.392,0.718,0.875,254.062,1.142,0.994
7,DSC_1015_Plate16start.JPG,16,3830,97.883,346.86,0.4,0,1.534,0.652,0.804,254.626,0.482,0.405
8,DSC_1015_Plate16start.JPG,16,2675,104.277,262.635,0.487,0,2.098,0.477,0.818,254.495,0.612,0.546
9,DSC_1015_Plate16start.JPG,16,1302,94.582,149.581,0.731,0,1.522,0.657,0.936,254.629,0.419,0.364
10,DSC_1015_Plate16start.JPG,16,2250,98.47,268.049,0.394,0,2.245,0.445,0.78,254.9,0.122,0.095
11,DSC_1015_Plate16start.JPG,16,1287,107.579,181.48,0.491,0,1.697,0.589,0.837,254.049,1.044,0.956
12,DSC_1015_Plate16start.JPG,16,482,97.952,86.083,0.817,0,1.27,0.787,0.918,255,0,0
13,DSC_1015_Plate16start.JPG,16,1859,97.969,179.48,0.725,0,1.57,0.637,0.922,254.756,0.309,0.274
14,DSC_1015_Plate16start.JPG,16,2247,92.771,217.279,0.598,0,1.53,0.654,0.932,254.651,0.446,0.401
15,DSC_1015_Plate16start.JPG,16,1158,100.7,148.167,0.663,0,1.332,0.751,0.904,255,0,0
16,DSC_1015_Plate16start.JPG,16,1041,105.006,154.066,0.551,0,1.58,0.633,0.854,254.783,0.269,0.225
17,DSC_1015_Plate16start.JPG,16,1208,85.54,148.51,0.688,0,1.616,0.619,0.889,255,0,0
18,DSC_1015_Plate16start.JPG,16,2885,87.086,303.848,0.393,0,1.433,0.698,0.796,254.431,0.462,0.438
19,DSC_1015_Plate16start.JPG,16,1376,101.769,203.865,0.416,0,1.499,0.667,0.774,254.501,0.426,0.396
20,DSC_1015_Plate16start.JPG,16,2226,94.344,233.563,0.513,0,1.581,0.633,0.887,254.79,0.239,0.221
21,DSC_1015_Plate16start.JPG,16,3117,95.987,273.806,0.522,0,1.78,0.562,0.879,254.427,0.466,0.435
22,DSC_1015_Plate16start.JPG,16,1918,102.929,261.664,0.352,0,2.039,0.49,0.749,254.556,0.353,0.328
23,DSC_1015_Plate16start.JPG,16,352,109.062,89.397,0.553,0,1.307,0.765,0.803,254.676,0.401,0.366
1,DSC_1018_Plate17start.JPG,17,3084,94.87,327.505,0.361,0,1.927,0.519,0.807,254.845,0.174,0.154
2,DSC_1018_Plate17start.JPG,17,2116,100.596,243.321,0.449,0,1.716,0.583,0.873,252.933,2.519,2.318
3,DSC_1018_Plate17start.JPG,17,1321,100.243,162.894,0.626,0,1.691,0.591,0.905,254.333,0.861,0.732
4,DSC_1018_Plate17start.JPG,17,470,112.519,97.497,0.621,0,1.339,0.747,0.874,253.336,2.157,1.949
5,DSC_1018_Plate17start.JPG,17,144,128.458,61.598,0.477,0,1.091,0.916,0.729,248.056,8.875,7.778
6,DSC_1018_Plate17start.JPG,17,733,112.883,117.882,0.663,0,1.766,0.566,0.878,254.656,0.352,0.325
7,DSC_1018_Plate17start.JPG,17,446,116.04,107.782,0.482,0,1.523,0.657,0.792,254.482,0.623,0.561
8,DSC_1018_Plate17start.JPG,17,2048,91.536,244.534,0.43,0,1.765,0.567,0.86,254.834,0.205,0.157
9,DSC_1018_Plate17start.JPG,17,1600,98.44,198.693,0.509,0,1.669,0.599,0.849,254.439,0.702,0.621
10,DSC_1018_Plate17start.JPG,17,3353,97.047,329.203,0.389,0,1.13,0.885,0.807,254.384,0.803,0.715
11,DSC_1018_Plate17start.JPG,17,2034,88.77,196.208,0.664,0,1.401,0.714,0.935,254.46,0.703,0.619
12,DSC_1018_Plate17start.JPG,17,545,124.035,174.309,0.225,0,2.846,0.351,0.612,253.539,1.785,1.523
13,DSC_1018_Plate17start.JPG,17,1324,103.122,223.078,0.334,0,1.943,0.515,0.743,255,0,0
14,DSC_1018_Plate17start.JPG,17,2345,97.096,251.563,0.466,0,1.731,0.578,0.885,254.588,0.32,0.296
15,DSC_1018_Plate17start.JPG,17,1818,89.416,201.622,0.562,0,1.746,0.573,0.904,254.686,0.391,0.348
16,DSC_1018_Plate17start.JPG,17,2452,95.471,241.664,0.528,0,1.532,0.653,0.833,255,0,0
17,DSC_1018_Plate17start.JPG,17,1137,99.947,164.167,0.53,0,1.781,0.561,0.878,254.703,0.37,0.309
18,DSC_1018_Plate17start.JPG,17,663,111.026,143.338,0.406,0,1.491,0.671,0.826,254.824,0.213,0.172
19,DSC_1018_Plate17start.JPG,17,1135,102.404,157.681,0.574,0,1.6,0.625,0.855,254.604,0.501,0.442
20,DSC_1018_Plate17start.JPG,17,2144,106.726,281.948,0.339,0,1.88,0.532,0.752,254.476,0.648,0.576
21,DSC_1018_Plate17start.JPG,17,2138,91.102,240.492,0.465,0,1.956,0.511,0.821,254.449,0.64,0.582
22,DSC_1018_Plate17start.JPG,17,1244,110.825,211.765,0.349,0,2.39,0.418,0.737,254.725,0.341,0.301
23,DSC_1018_Plate17start.JPG,17,1408,87.207,168.409,0.624,0,1.631,0.613,0.893,255,0,0
24,DSC_1018_Plate17start.JPG,17,1297,92.459,172.167,0.55,0,1.362,0.734,0.823,255,0,0
25,DSC_1018_Plate17start.JPG,17,4907,92.796,376.86,0.434,0,1.115,0.897,0.826,254.47,0.441,0.411
1,DSC_1021_Plate18start.JPG,18,1729,104.514,205.522,0.514,0,1.78,0.562,0.878,254.869,0.156,0.132
2,DSC_1021_Plate18start.JPG,18,2075,109.608,258.635,0.39,0,2.084,0.48,0.829,253.097,2.36,2.148
3,DSC_1021_Plate18start.JPG,18,1023,101.188,147.681,0.589,0,1.541,0.649,0.855,253.407,1.292,1.21
4,DSC_1021_Plate18start.JPG,18,733,110.089,135.581,0.501,0,1.608,0.622,0.863,251.647,4.64,4.07
5,DSC_1021_Plate18start.JPG,18,1341,108.987,166.652,0.607,0,1.79,0.559,0.871,254.752,0.321,0.279
6,DSC_1021_Plate18start.JPG,18,1359,106.768,187.037,0.488,0,1.702,0.588,0.891,251.969,3.84,3.35
7,DSC_1021_Plate18start.JPG,18,2739,106.496,267.747,0.48,0,1.62,0.617,0.891,253.272,2.438,2.119
8,DSC_1021_Plate18start.JPG,18,3637,88.353,284.09,0.566,0,1.545,0.647,0.928,255,0,0
9,DSC_1021_Plate18start.JPG,18,999,106.333,175.48,0.408,0,1.376,0.727,0.818,254.112,1.126,0.903
10,DSC_1021_Plate18start.JPG,18,2259,95.219,221.078,0.581,0,1.709,0.585,0.9,254.33,0.919,0.777
11,DSC_1021_Plate18start.JPG,18,910,113.855,178.894,0.357,0,1.85,0.541,0.811,252.081,3.682,3.293
12,DSC_1021_Plate18start.JPG,18,2372,88.787,214.35,0.649,0,1.518,0.659,0.913,254.81,0.233,0.204
13,DSC_1021_Plate18start.JPG,18,1361,96.483,181.765,0.518,0,1.371,0.729,0.877,254.373,0.886,0.71
14,DSC_1021_Plate18start.JPG,18,1316,101.843,172.652,0.555,0,1.729,0.578,0.894,253.413,2.09,1.813
15,DSC_1021_Plate18start.JPG,18,2140,104.523,257.321,0.406,0,1.957,0.511,0.836,253.454,2.106,1.82
16,DSC_1021_Plate18start.JPG,18,1045,96.547,139.196,0.678,0,1.418,0.705,0.911,255,0,0
17,DSC_1021_Plate18start.JPG,18,1015,103.75,171.38,0.434,0,1.516,0.659,0.87,253.604,1.838,1.56
18,DSC_1021_Plate18start.JPG,18,642,112.017,105.74,0.722,0,1.512,0.662,0.875,255,0,0
19,DSC_1021_Plate18start.JPG,18,3145,96.326,307.161,0.419,0,2.178,0.459,0.836,254.338,0.852,0.772
20,DSC_1021_Plate18start.JPG,18,2052,103.833,260.635,0.38,0,1.777,0.563,0.797,254.227,0.818,0.774
21,DSC_1021_Plate18start.JPG,18,3066,85.649,335.404,0.342,0,1.287,0.777,0.788,254.302,0.522,0.494
22,DSC_1021_Plate18start.JPG,18,2681,90.182,258.25,0.505,0,1.713,0.584,0.881,254.206,0.887,0.823
23,DSC_1021_Plate18start.JPG,18,2300,99.527,265.605,0.41,0,1.617,0.619,0.84,253.185,1.633,1.514
24,DSC_1021_Plate18start.JPG,18,2458,85.725,232.108,0.573,0,1.782,0.561,0.894,255,0,0
25,DSC_1021_Plate18start.JPG,18,5769,81.944,399.345,0.455,0,1.681,0.595,0.905,254.079,0.647,0.597
26,DSC_1021_Plate18start.JPG,18,280,95.889,144.368,0.169,0,5.528,0.181,0.61,246.693,4.118,3.857
1,DSC_1024_Plate19start.JPG,19,2645,95.282,261.706,0.485,0,1.751,0.571,0.844,254.863,0.148,0.135
2,DSC_1024_Plate19start.JPG,19,1444,110.034,207.279,0.422,0,1.915,0.522,0.85,253.927,1.357,1.204
3,DSC_1024_Plate19start.JPG,19,1219,113.861,183.38,0.456,0,2.206,0.453,0.811,253.486,1.604,1.478
4,DSC_1024_Plate19start.JPG,19,1134,106.804,176.451,0.458,0,1.575,0.635,0.847,255,0,0
5,DSC_1024_Plate19start.JPG,19,722,105.14,108.811,0.766,0,1.385,0.722,0.914,252.366,3.424,3.035
6,DSC_1024_Plate19start.JPG,19,2458,96.116,249.563,0.496,0,1.865,0.536,0.848,254.908,0.112,0.103
7,DSC_1024_Plate19start.JPG,19,1461,96.055,185.137,0.536,0,1.273,0.785,0.898,254.924,0.101,0.089
8,DSC_1024_Plate19start.JPG,19,2235,102.801,251.463,0.444,0,1.934,0.517,0.835,253.61,1.702,1.517
9,DSC_1024_Plate19start.JPG,19,1154,94.461,144.267,0.697,0,1.319,0.758,0.925,254.019,1.231,0.959
10,DSC_1024_Plate19start.JPG,19,739,109.973,151.966,0.402,0,1.404,0.712,0.818,253.931,1.326,1.062
11,DSC_1024_Plate19start.JPG,19,1319,106.746,185.137,0.484,0,2.002,0.5,0.855,253.824,1.497,1.219
12,DSC_1024_Plate19start.JPG,19,2733,97.599,234.007,0.627,0,1.588,0.63,0.926,254.673,0.233,0.214
13,DSC_1024_Plate19start.JPG,19,2509,102.494,299.061,0.353,0,1.75,0.571,0.777,254.82,0.22,0.2
14,DSC_1024_Plate19start.JPG,19,2513,102.023,292.09,0.37,0,2.35,0.426,0.802,254.068,1.159,1.032
15,DSC_1024_Plate19start.JPG,19,1003,105.146,146.409,0.588,0,1.506,0.664,0.876,254.764,0.268,0.247
16,DSC_1024_Plate19start.JPG,19,2844,96.861,278.777,0.46,0,2.044,0.489,0.821,254.765,0.301,0.258
17,DSC_1024_Plate19start.JPG,19,3621,94.753,343.688,0.385,0,1.964,0.509,0.831,254.511,0.555,0.461
18,DSC_1024_Plate19start.JPG,19,348,111.678,97.983,0.456,0,1.181,0.847,0.785,255,0,0
19,DSC_1024_Plate19start.JPG,19,2331,103.676,313.889,0.297,0,1.583,0.632,0.855,254.262,0.887,0.793
20,DSC_1024_Plate19start.JPG,19,1245,106.455,189.279,0.437,0,1.623,0.616,0.85,253.42,1.881,1.724
21,DSC_1024_Plate19start.JPG,19,1235,107.399,169.238,0.542,0,2.281,0.438,0.796,255,0,0
22,DSC_1024_Plate19start.JPG,19,1198,104.113,156.409,0.615,0,1.372,0.729,0.876,255,0,0
23,DSC_1024_Plate19start.JPG,19,1827,80.708,181.338,0.698,0,1.324,0.755,0.914,254.527,0.344,0.32
24,DSC_1024_Plate19start.JPG,19,832,112.677,142.853,0.512,0,1.511,0.662,0.839,255,0,0
1,DSC_1027_Plate20start.JPG,20,1172,98.092,146.995,0.682,0,1.53,0.654,0.914,254.902,0.12,0.107
2,DSC_1027_Plate20start.JPG,20,743,113.299,117.054,0.681,0,1.611,0.621,0.883,254.65,0.323,0.312
3,DSC_1027_Plate20start.JPG,20,2298,104.087,246.635,0.475,0,1.428,0.7,0.893,254.702,0.364,0.313
4,DSC_1027_Plate20start.JPG,20,2172,99.302,249.12,0.44,0,1.833,0.545,0.848,254.379,0.754,0.661
5,DSC_1027_Plate20start.JPG,20,1096,109.431,169.966,0.477,0,1.899,0.526,0.841,254.792,0.254,0.223
6,DSC_1027_Plate20start.JPG,20,1596,103.636,188.451,0.565,0,1.589,0.629,0.894,254.857,0.172,0.153
7,DSC_1027_Plate20start.JPG,20,1690,102.67,205.137,0.505,0,1.675,0.597,0.855,254.376,0.522,0.479
8,DSC_1027_Plate20start.JPG,20,1122,100.609,163.338,0.528,0,1.196,0.836,0.883,255,0,0
9,DSC_1027_Plate20start.JPG,20,2430,105.437,280.676,0.388,0,2.114,0.473,0.834,254.767,0.278,0.246
10,DSC_1027_Plate20start.JPG,20,1466,96.087,166.409,0.665,0,1.438,0.695,0.917,254.922,0.092,0.083
11,DSC_1027_Plate20start.JPG,20,1968,97.697,206.794,0.578,0,2.108,0.474,0.867,254.385,0.792,0.664
12,DSC_1027_Plate20start.JPG,20,672,109.909,136.61,0.452,0,1.264,0.791,0.833,252.126,3.61,2.866
13,DSC_1027_Plate20start.JPG,20,1013,106.135,140.024,0.649,0,1.465,0.683,0.902,254.887,0.138,0.117
14,DSC_1027_Plate20start.JPG,20,322,100.516,87.983,0.523,0,2.418,0.414,0.843,255,0,0
15,DSC_1027_Plate20start.JPG,20,1062,96.172,132.61,0.759,0,1.366,0.732,0.9,255,0,0
16,DSC_1027_Plate20start.JPG,20,811,106.141,146.51,0.475,0,1.539,0.65,0.863,254.589,0.525,0.397
17,DSC_1027_Plate20start.JPG,20,1557,102.877,222.25,0.396,0,2.188,0.457,0.818,254.572,0.538,0.467
18,DSC_1027_Plate20start.JPG,20,661,108.008,137.924,0.437,0,1.625,0.616,0.836,254.831,0.21,0.194
19,DSC_1027_Plate20start.JPG,20,396,114.947,91.397,0.596,0,1.251,0.799,0.86,254.717,0.354,0.306
20,DSC_1027_Plate20start.JPG,20,2334,90.088,284.291,0.363,0,1.399,0.715,0.782,254.49,0.361,0.336
21,DSC_1027_Plate20start.JPG,20,3117,94.718,312.191,0.402,0,1.442,0.693,0.828,254.673,0.412,0.375
22,DSC_1027_Plate20start.JPG,20,739,89.448,138.752,0.482,0,1.396,0.716,0.83,252.901,1.346,1.263
23,DSC_1027_Plate20start.JPG,20,1945,100.168,203.865,0.588,0,1.606,0.623,0.897,254.71,0.357,0.321
24,DSC_1027_Plate20start.JPG,20,823,109.293,138.51,0.539,0,1.543,0.648,0.88,254.599,0.529,0.456
25,DSC_1027_Plate20start.JPG,20,775,98.796,122.368,0.65,0,1.084,0.922,0.899,254.849,0.183,0.165
1,DSC_1030_Plate21start.JPG,21,1908,99.702,215.865,0.515,0,1.588,0.63,0.896,253.542,1.863,1.639
2,DSC_1030_Plate21start.JPG,21,893,102.008,152.652,0.482,0,2.025,0.494,0.817,254.095,0.82,0.754
3,DSC_1030_Plate21start.JPG,21,734,116.241,141.924,0.458,0,1.662,0.602,0.842,253.542,1.583,1.441
4,DSC_1030_Plate21start.JPG,21,375,121.176,94.468,0.528,0,1.474,0.678,0.788,249.443,7.363,6.419
5,DSC_1030_Plate21start.JPG,21,469,119.571,116.368,0.435,0,1.669,0.599,0.809,251.9,4.013,3.563
6,DSC_1030_Plate21start.JPG,21,1434,96.778,194.208,0.478,0,1.5,0.667,0.886,253.681,1.688,1.423
7,DSC_1030_Plate21start.JPG,21,1522,108.48,213.865,0.418,0,1.936,0.517,0.814,254.039,1.172,1.018
8,DSC_1030_Plate21start.JPG,21,868,110.793,130.61,0.639,0,1.187,0.842,0.895,254.126,1.164,1.024
9,DSC_1030_Plate21start.JPG,21,1159,100.989,162.794,0.55,0,1.701,0.588,0.881,253.978,1.356,1.104
10,DSC_1030_Plate21start.JPG,21,1943,91.541,194.794,0.643,0,1.583,0.632,0.925,253.757,1.631,1.43
11,DSC_1030_Plate21start.JPG,21,541,105.551,119.439,0.477,0,1.437,0.696,0.821,254.196,1.089,0.933
12,DSC_1030_Plate21start.JPG,21,753,105.592,116.368,0.699,0,1.554,0.643,0.906,252.788,2.869,2.551
13,DSC_1030_Plate21start.JPG,21,1522,96.608,183.622,0.567,0,1.629,0.614,0.895,254.271,0.938,0.823
14,DSC_1030_Plate21start.JPG,21,1122,106.992,180.309,0.434,0,1.993,0.502,0.827,252.277,3.591,3.203
15,DSC_1030_Plate21start.JPG,21,1109,100.849,148.853,0.629,0,1.572,0.636,0.837,254.472,0.628,0.57
16,DSC_1030_Plate21start.JPG,21,2517,103.946,269.806,0.434,0,1.669,0.599,0.792,254.536,0.533,0.488
17,DSC_1030_Plate21start.JPG,21,2308,84.743,218.007,0.61,0,1.509,0.663,0.9,254.424,0.737,0.617
18,DSC_1030_Plate21start.JPG,21,939,99.481,154.652,0.493,0,1.413,0.708,0.884,253.579,1.857,1.488
19,DSC_1030_Plate21start.JPG,21,2612,92.384,411.002,0.194,0,1.166,0.857,0.686,251.96,1.924,1.786
20,DSC_1030_Plate21start.JPG,21,1690,101.983,294.333,0.245,0,1.8,0.556,0.697,254.247,0.912,0.803
21,DSC_1030_Plate21start.JPG,21,1809,102.727,211.664,0.507,0,1.759,0.568,0.877,253.613,1.786,1.653
22,DSC_1030_Plate21start.JPG,21,2632,90.386,255.321,0.507,0,1.651,0.606,0.872,253.391,1.339,1.25
23,DSC_1030_Plate21start.JPG,21,956,108.154,179.966,0.371,0,1.371,0.73,0.843,253.838,1.491,1.296
24,DSC_1030_Plate21start.JPG,21,1597,92.155,184.794,0.588,0,1.238,0.808,0.887,254.819,0.138,0.128
1,DSC_1033_Plate22start.JPG,22,667,101.948,120.61,0.576,0,1.515,0.66,0.859,252.733,2.631,2.36
2,DSC_1033_Plate22start.JPG,22,2769,100.044,328.617,0.322,0,2.173,0.46,0.782,253.923,1.375,1.135
3,DSC_1033_Plate22start.JPG,22,1333,104.34,197.865,0.428,0,1.655,0.604,0.88,253.981,1.245,1.119
4,DSC_1033_Plate22start.JPG,22,1171,105.005,173.38,0.49,0,1.474,0.678,0.851,253.268,2.384,2.057
5,DSC_1033_Plate22start.JPG,22,974,109.906,151.48,0.533,0,1.319,0.758,0.878,251.803,4.154,3.645
6,DSC_1033_Plate22start.JPG,22,1334,101.848,197.765,0.429,0,1.567,0.638,0.856,254.203,0.924,0.842
7,DSC_1033_Plate22start.JPG,22,770,99.46,138.167,0.507,0,1.387,0.721,0.813,254.412,0.76,0.661
8,DSC_1033_Plate22start.JPG,22,1182,102.907,172.551,0.499,0,1.47,0.68,0.879,253.772,1.564,1.291
9,DSC_1033_Plate22start.JPG,22,1194,101.063,205.421,0.356,0,1.636,0.611,0.843,253.893,1.43,1.065
10,DSC_1033_Plate22start.JPG,22,1729,99.253,219.078,0.453,0,1.378,0.726,0.876,252.525,3.167,2.6
11,DSC_1033_Plate22start.JPG,22,1414,111.716,273.505,0.238,0,2.224,0.45,0.75,252.337,3.4,2.791
12,DSC_1033_Plate22start.JPG,22,1422,114.252,232.149,0.332,0,1.241,0.806,0.724,252.885,2.456,2.264
13,DSC_1033_Plate22start.JPG,22,190,122,91.983,0.282,0,1.567,0.638,0.693,252.647,3.016,2.489
14,DSC_1033_Plate22start.JPG,22,327,121.979,93.882,0.466,0,1.208,0.828,0.819,252.82,2.401,2.257
15,DSC_1033_Plate22start.JPG,22,3385,95.081,309.304,0.445,0,1.546,0.647,0.893,254.12,1.125,0.895
16,DSC_1033_Plate22start.JPG,22,829,110.244,158.652,0.414,0,1.536,0.651,0.846,251.806,4.214,3.778
17,DSC_1033_Plate22start.JPG,22,3576,99.517,344.86,0.378,0,1.828,0.547,0.815,253.658,1.566,1.277
18,DSC_1033_Plate22start.JPG,22,995,108.649,180.451,0.384,0,1.609,0.621,0.801,251.852,3.96,3.398
19,DSC_1033_Plate22start.JPG,22,1257,110.488,220.149,0.326,0,1.993,0.502,0.815,254.177,1.025,0.905
20,DSC_1033_Plate22start.JPG,22,1491,95,184.108,0.553,0,1.573,0.636,0.907,254.471,0.638,0.557
21,DSC_1033_Plate22start.JPG,22,2084,104.222,337.345,0.23,0,1.485,0.674,0.835,253.447,1.913,1.75
22,DSC_1033_Plate22start.JPG,22,1201,112.553,212.735,0.333,0,1.51,0.662,0.823,250.724,5.513,4.843
23,DSC_1033_Plate22start.JPG,22,2716,109.034,356.274,0.269,0,1.437,0.696,0.768,254.238,0.904,0.832
24,DSC_1033_Plate22start.JPG,22,456,117.849,126.752,0.357,0,1.205,0.83,0.788,249.164,7.634,6.557
25,DSC_1033_Plate22start.JPG,22,1059,103.212,149.095,0.599,0,1.474,0.679,0.867,254.106,1.026,0.936
26,DSC_1033_Plate22start.JPG,22,1145,101.192,145.338,0.681,0,1.402,0.713,0.902,254.765,0.205,0.197
1,DSC_1036_Plate23start.JPG,23,4487,90.222,337.203,0.496,0,1.198,0.835,0.81,254.972,0.028,0.026
2,DSC_1036_Plate23start.JPG,23,3390,101.812,351.446,0.345,0,1.505,0.664,0.781,254.27,0.901,0.74
3,DSC_1036_Plate23start.JPG,23,1117,107.469,211.907,0.313,0,2.419,0.413,0.719,254.698,0.38,0.321
4,DSC_1036_Plate23start.JPG,23,2477,109.084,263.463,0.448,0,1.559,0.641,0.827,253.993,1.062,0.979
5,DSC_1036_Plate23start.JPG,23,516,113.566,110.468,0.531,0,1.488,0.672,0.863,254.779,0.266,0.242
6,DSC_1036_Plate23start.JPG,23,1428,101.98,158.652,0.713,0,1.475,0.678,0.917,254.824,0.181,0.167
7,DSC_1036_Plate23start.JPG,23,1696,108.981,181.723,0.645,0,1.681,0.595,0.907,252.954,2.528,2.274
8,DSC_1036_Plate23start.JPG,23,802,111.286,161.137,0.388,0,1.905,0.525,0.78,254.721,0.354,0.294
9,DSC_1036_Plate23start.JPG,23,2250,101.366,193.865,0.752,0,1.45,0.69,0.931,254.103,1.099,0.931
10,DSC_1036_Plate23start.JPG,23,905,109.223,155.137,0.473,0,1.7,0.588,0.806,254.017,1.222,1.107
11,DSC_1036_Plate23start.JPG,23,2394,92.205,221.179,0.615,0,1.756,0.569,0.897,254.905,0.115,0.098
12,DSC_1036_Plate23start.JPG,23,697,112.022,116.853,0.641,0,1.203,0.832,0.894,255,0,0
13,DSC_1036_Plate23start.JPG,23,134,75.918,68.669,0.357,0,2.749,0.364,0.7,250.075,2.269,1.955
14,DSC_1036_Plate23start.JPG,23,1938,99.75,257.12,0.368,0,1.528,0.654,0.822,254.004,1.233,1.079
15,DSC_1036_Plate23start.JPG,23,2997,112.067,317.948,0.373,0,1.671,0.598,0.756,251.911,3.928,3.538
16,DSC_1036_Plate23start.JPG,23,604,108.81,129.439,0.453,0,1.673,0.598,0.836,254.437,0.695,0.553
17,DSC_1036_Plate23start.JPG,23,252,110.274,73.497,0.586,0,1.21,0.827,0.814,253.881,0.905,0.841
18,DSC_1036_Plate23start.JPG,23,1429,105.402,183.38,0.534,0,1.732,0.577,0.865,253.964,1.236,1.067
19,DSC_1036_Plate23start.JPG,23,775,104.694,119.296,0.684,0,1.594,0.627,0.91,255,0,0
20,DSC_1036_Plate23start.JPG,23,284,117.718,94.326,0.401,0,1.282,0.78,0.788,254.201,0.975,0.736
21,DSC_1036_Plate23start.JPG,23,624,85.319,115.539,0.587,0,2.298,0.435,0.874,254.758,0.167,0.154
22,DSC_1036_Plate23start.JPG,23,2664,91.664,332.333,0.303,0,1.776,0.563,0.763,253.716,1.005,0.935
23,DSC_1036_Plate23start.JPG,23,995,98.342,149.238,0.561,0,1.481,0.675,0.879,255,0,0
24,DSC_1036_Plate23start.JPG,23,1026,113.982,167.924,0.457,0,1.763,0.567,0.785,252.445,2.902,2.686
25,DSC_1036_Plate23start.JPG,23,1692,97.367,205.38,0.504,0,1.529,0.654,0.873,254.582,0.335,0.311
26,DSC_1036_Plate23start.JPG,23,420,103.667,97.64,0.554,0,1.097,0.911,0.822,254.419,0.633,0.586
27,DSC_1036_Plate23start.JPG,23,772,76.975,136.024,0.524,0,1.21,0.826,0.886,255,0,0
28,DSC_1036_Plate23start.JPG,23,162,89.358,68.669,0.432,0,1.599,0.625,0.7,255,0,0
1,DSC_1039_Plate24start.JPG,24,2270,106.422,284.333,0.353,0,1.582,0.632,0.76,254.552,0.437,0.41
2,DSC_1039_Plate24start.JPG,24,705,105.668,133.338,0.498,0,1.484,0.674,0.836,255,0,0
3,DSC_1039_Plate24start.JPG,24,435,120.876,90.569,0.666,0,1.324,0.755,0.864,252.218,3.632,3.108
4,DSC_1039_Plate24start.JPG,24,961,104.919,144.51,0.578,0,1.389,0.72,0.879,255,0,0
5,DSC_1039_Plate24start.JPG,24,210,123.905,69.255,0.55,0,1.445,0.692,0.742,252.719,2.714,2.29
6,DSC_1039_Plate24start.JPG,24,1165,104.73,147.581,0.672,0,1.58,0.633,0.891,255,0,0
7,DSC_1039_Plate24start.JPG,24,3535,95.455,269.463,0.612,0,1.635,0.612,0.911,254.746,0.243,0.202
8,DSC_1039_Plate24start.JPG,24,2337,104.764,216.794,0.625,0,1.62,0.617,0.914,254.902,0.119,0.099
9,DSC_1039_Plate24start.JPG,24,1599,104.377,188.693,0.564,0,1.628,0.614,0.872,254.921,0.079,0.074
10,DSC_1039_Plate24start.JPG,24,687,110.921,131.439,0.5,0,1.38,0.725,0.837,254.834,0.201,0.156
11,DSC_1039_Plate24start.JPG,24,1037,105.22,147.681,0.598,0,1.222,0.818,0.912,254.564,0.546,0.481
12,DSC_1039_Plate24start.JPG,24,660,107.956,114.368,0.634,0,1.441,0.694,0.886,255,0,0
13,DSC_1039_Plate24start.JPG,24,2025,104.41,226.25,0.497,0,1.681,0.595,0.851,254.084,0.941,0.868
14,DSC_1039_Plate24start.JPG,24,1276,107.325,175.723,0.519,0,1.676,0.597,0.887,254.911,0.108,0.096
15,DSC_1039_Plate24start.JPG,24,3350,100.399,285.505,0.516,0,1.906,0.525,0.832,253.97,1.047,0.946
16,DSC_1039_Plate24start.JPG,24,1479,93.989,158.167,0.743,0,1.481,0.675,0.938,255,0,0
17,DSC_1039_Plate24start.JPG,24,378,110.656,93.054,0.549,0,1.342,0.745,0.833,254.698,0.376,0.286
18,DSC_1039_Plate24start.JPG,24,1716,95.036,176.652,0.691,0,1.566,0.639,0.933,255,0,0
19,DSC_1039_Plate24start.JPG,24,2289,92.146,241.179,0.495,0,1.298,0.77,0.839,253.955,0.96,0.897
20,DSC_1039_Plate24start.JPG,24,968,104.42,135.439,0.663,0,1.262,0.792,0.881,254.232,0.812,0.757
21,DSC_1039_Plate24start.JPG,24,900,102.824,143.095,0.552,0,1.564,0.639,0.856,254.618,0.474,0.433
22,DSC_1039_Plate24start.JPG,24,1649,92.496,172.267,0.698,0,1.305,0.766,0.927,254.822,0.127,0.121
23,DSC_1039_Plate24start.JPG,24,699,108.711,118.853,0.622,0,1.408,0.71,0.883,250.898,3.926,3.687
24,DSC_1039_Plate24start.JPG,24,780,98.192,136.125,0.529,0,1.391,0.719,0.839,254.662,0.313,0.287
25,DSC_1039_Plate24start.JPG,24,2279,91.497,288.25,0.345,0,1.385,0.722,0.845,252.568,1.478,1.373
